Game Date,Away Team,Home Team,Away Record,Away Score,Home Record,Home Score,Away 1th,Home 1th,Away 2th,Home 2th,Away 3th,Home 3th,Away 4th,Home 4th,Away 5th,Home 5th,Away 6th,Home 6th,Away 7th,Home 7th,Away 8th,Home 8th,Away 9th,Home 9th,YRFI
2025-03-27,Chicago Cubs,Arizona Diamondbacks,1-2,10.0,0-1,6.0,0,1,3,1,0,0,1,1,3,0,1,2,0,0,0,0,2,1,1.0
2025-03-27,Los Angeles Angels,Chicago White Sox,0-1,1.0,1-0,8.0,0,0,0,3,0,0,0,0,0,0,0,0,0,0,0,5,1,0,0.0
2025-03-27,San Francisco Giants,Cincinnati Reds,1-0,6.0,0-1,4.0,0,1,0,0,0,2,2,0,0,0,0,0,0,0,0,0,4,1,1.0
2025-03-27,New York Mets,Houston Astros,0-1,1.0,1-0,3.0,0,0,0,1,0,2,0,0,0,0,0,0,0,0,0,0,1,0,0.0
2025-03-27,Cleveland Guardians,Kansas City Royals,1-0,7.0,0-1,4.0,0,0,0,0,0,3,1,0,1,0,2,0,0,0,0,0,0,1,0.0
2025-03-27,Detroit Tigers,Los Angeles Dodgers,0-1,4.0,3-0,5.0,0,0,0,1,0,0,1,0,1,3,0,0,1,1,1,0,0,0,0.0
2025-03-27,Pittsburgh Pirates,Miami Marlins,0-1,4.0,1-0,5.0,0,0,0,0,0,1,0,0,2,0,2,1,0,0,0,2,0,1,0.0
2025-03-27,Milwaukee Brewers,New York Yankees,0-1,2.0,1-0,4.0,0,1,0,1,1,0,0,0,0,0,0,0,0,2,0,0,1,0,1.0
2025-03-27,Atlanta Braves,San Diego Padres,0-1,4.0,1-0,7.0,1,2,0,0,2,1,1,0,0,0,0,0,0,4,0,0,0,0,1.0
2025-03-27,Athletics,Seattle Mariners,0-1,2.0,1-0,4.0,0,0,0,0,0,0,0,0,1,0,0,0,0,1,1,3,0,0,0.0
2025-03-27,Minnesota Twins,St. Louis Cardinals,0-1,3.0,1-0,5.0,0,1,0,2,0,1,0,0,2,0,1,0,0,0,0,1,0,0,1.0
2025-03-27,Boston Red Sox,Texas Rangers,1-0,5.0,0-1,2.0,0,0,0,1,1,0,0,1,1,0,0,0,0,0,0,0,3,0,0.0
2025-03-27,Baltimore Orioles,Toronto Blue Jays,1-0,12.0,0-1,2.0,1,0,1,0,3,0,1,2,0,0,0,0,3,0,3,0,0,0,1.0
2025-03-27,Philadelphia Phillies,Washington Nationals,1-0,7.0,0-1,3.0,0,0,0,0,0,0,0,0,0,1,0,0,2,0,1,2,0,0,0.0
2025-03-28,Chicago Cubs,Arizona Diamondbacks,1-3,1.0,1-1,8.0,0,0,1,2,0,0,0,3,0,1,0,0,0,2,0,0,0,0,0.0
2025-03-28,New York Mets,Houston Astros,1-1,3.0,1-1,1.0,0,0,2,0,1,0,0,1,0,0,0,0,0,0,0,0,0,0,0.0
2025-03-28,Detroit Tigers,Los Angeles Dodgers,0-2,5.0,4-0,8.0,0,0,1,0,1,0,0,0,0,0,0,2,0,0,0,1,1,0,0.0
2025-03-28,Pittsburgh Pirates,Miami Marlins,1-1,4.0,1-1,3.0,0,0,0,0,0,0,2,0,2,1,0,0,0,0,0,0,0,2,0.0
2025-03-28,Atlanta Braves,San Diego Padres,0-2,3.0,2-0,4.0,0,1,0,1,2,1,0,0,1,0,0,0,0,0,0,1,0,0,1.0
2025-03-28,Athletics,Seattle Mariners,1-1,7.0,1-1,0.0,0,0,0,0,0,0,0,0,2,0,0,0,3,0,1,0,1,0,0.0
2025-03-28,Colorado Rockies,Tampa Bay Rays,0-1,2.0,1-0,3.0,0,0,0,0,1,0,1,0,0,0,0,0,0,2,0,0,0,1,0.0
2025-03-28,Boston Red Sox,Texas Rangers,1-1,1.0,1-1,4.0,0,0,0,0,0,1,1,0,0,1,0,2,0,0,0,0,0,0,0.0
2025-03-28,Baltimore Orioles,Toronto Blue Jays,1-1,2.0,1-1,8.0,0,0,0,0,1,0,1,5,0,0,0,1,0,2,0,0,0,0,0.0
2025-03-29,Chicago Cubs,Arizona Diamondbacks,2-3,4.0,1-2,3.0,0,0,0,1,0,0,1,0,2,0,0,0,1,0,0,0,0,2,0.0
2025-03-29,Los Angeles Angels,Chicago White Sox,1-1,1.0,1-1,0.0,0,0,0,0,0,0,0,0,0,0,0,0,0,0,1,0,0,0,0.0
2025-03-29,San Francisco Giants,Cincinnati Reds,1-1,2.0,1-1,3.0,0,0,1,0,1,1,0,0,0,1,0,1,0,0,0,0,0,0,0.0
2025-03-29,New York Mets,Houston Astros,1-2,1.0,2-1,2.0,0,0,0,0,0,0,0,0,0,1,1,1,0,0,0,0,0,0,0.0
2025-03-29,Cleveland Guardians,Kansas City Royals,1-1,3.0,1-1,4.0,0,0,1,0,1,0,0,1,1,0,0,1,0,2,0,0,0,0,0.0
2025-03-29,Detroit Tigers,Los Angeles Dodgers,0-3,3.0,5-0,7.0,2,1,0,1,0,0,0,0,0,2,0,1,1,2,0,0,0,0,1.0
2025-03-29,Pittsburgh Pirates,Miami Marlins,1-2,4.0,2-1,5.0,1,0,0,0,0,0,0,0,0,1,1,1,1,1,0,0,0,0,1.0
2025-03-29,Milwaukee Brewers,New York Yankees,0-2,9.0,2-0,20.0,0,4,3,3,0,6,1,3,2,0,0,2,0,2,1,0,2,0,1.0
2025-03-29,Atlanta Braves,San Diego Padres,0-3,0.0,3-0,1.0,0,0,0,0,0,0,0,0,0,0,0,0,0,1,0,0,0,0,0.0
2025-03-29,Athletics,Seattle Mariners,2-1,4.0,1-2,2.0,0,0,0,1,0,0,2,0,0,0,1,1,1,0,0,0,0,0,0.0
2025-03-29,Minnesota Twins,St. Louis Cardinals,0-2,1.0,2-0,5.0,0,1,1,0,0,0,0,0,0,0,0,3,0,0,0,1,0,0,1.0
2025-03-29,Colorado Rockies,Tampa Bay Rays,1-1,2.0,1-1,1.0,0,0,0,0,1,0,0,0,0,0,0,0,1,0,0,1,0,0,0.0
2025-03-29,Boston Red Sox,Texas Rangers,1-2,3.0,2-1,4.0,0,2,1,0,0,0,1,1,0,1,0,0,0,0,1,0,0,0,1.0
2025-03-29,Baltimore Orioles,Toronto Blue Jays,2-1,9.0,1-2,5.0,2,2,0,0,0,2,4,0,2,1,0,0,1,0,0,0,0,0,1.0
2025-03-29,Philadelphia Phillies,Washington Nationals,2-0,11.0,0-2,6.0,0,0,0,2,0,0,2,0,0,0,5,1,3,0,1,2,0,1,0.0
2025-03-30,Chicago Cubs,Arizona Diamondbacks,2-4,6.0,2-2,10.0,0,0,1,0,0,0,0,0,0,0,2,1,0,1,3,8,0,0,0.0
2025-03-30,Los Angeles Angels,Chicago White Sox,2-1,3.0,1-2,2.0,2,2,0,0,0,0,0,0,0,0,0,0,0,0,1,0,0,0,1.0
2025-03-30,San Francisco Giants,Cincinnati Reds,2-1,6.0,1-2,3.0,0,0,0,0,0,0,0,0,1,0,3,3,0,0,2,0,0,0,0.0
2025-03-30,Cleveland Guardians,Kansas City Royals,2-1,6.0,1-2,2.0,0,0,1,0,0,0,0,0,2,0,2,0,0,0,1,2,0,0,0.0
2025-03-30,Pittsburgh Pirates,Miami Marlins,1-3,2.0,3-1,3.0,0,0,1,1,0,0,0,0,1,0,0,0,0,1,0,0,0,1,0.0
2025-03-30,Milwaukee Brewers,New York Yankees,0-3,3.0,3-0,12.0,1,2,0,1,0,2,2,0,0,0,0,2,0,5,0,0,0,0,1.0
2025-03-30,Atlanta Braves,San Diego Padres,0-4,0.0,4-0,5.0,0,1,0,0,0,1,0,0,0,0,0,0,0,1,0,2,0,0,1.0
2025-03-30,Athletics,Seattle Mariners,2-2,1.0,2-2,2.0,0,0,0,0,0,0,1,0,0,0,0,2,0,0,0,0,0,0,0.0
2025-03-30,Minnesota Twins,St. Louis Cardinals,0-3,2.0,3-0,9.0,1,0,0,3,0,5,1,0,0,0,0,0,0,1,0,0,0,0,1.0
2025-03-30,Colorado Rockies,Tampa Bay Rays,1-2,4.0,2-1,6.0,0,2,0,0,0,0,0,0,1,0,1,4,2,0,0,0,0,0,1.0
2025-03-30,Boston Red Sox,Texas Rangers,1-3,2.0,3-1,3.0,0,0,0,1,0,0,0,0,0,0,2,2,0,0,0,0,0,0,0.0
2025-03-30,Baltimore Orioles,Toronto Blue Jays,2-2,1.0,2-2,3.0,1,2,0,0,0,0,0,0,0,0,0,0,0,1,0,0,0,0,1.0
2025-03-30,Philadelphia Phillies,Washington Nationals,2-1,1.0,1-2,5.0,0,0,0,0,0,0,0,3,0,0,0,2,0,0,0,0,1,0,0.0
2025-03-31,Chicago Cubs,Athletics,3-4,18.0,2-3,3.0,4,0,0,0,0,1,1,2,5,0,6,0,0,0,1,0,1,0,1.0
2025-03-31,Boston Red Sox,Baltimore Orioles,1-4,5.0,3-2,8.0,0,4,2,0,1,0,0,0,0,0,0,0,0,0,0,4,2,0,1.0
2025-03-31,Minnesota Twins,Chicago White Sox,0-4,0.0,2-2,9.0,0,3,0,4,0,2,0,0,0,0,0,0,0,0,0,0,0,0,1.0
2025-03-31,Texas Rangers,Cincinnati Reds,3-2,3.0,2-2,14.0,0,3,0,3,0,0,0,0,0,0,0,6,0,2,1,0,2,0,1.0
2025-03-31,San Francisco Giants,Houston Astros,3-1,7.0,2-2,2.0,0,0,1,0,0,0,0,0,1,0,3,0,0,0,0,2,2,0,0.0
2025-03-31,Atlanta Braves,Los Angeles Dodgers,0-5,1.0,6-0,6.0,0,2,0,0,0,2,0,0,0,1,0,1,0,0,1,0,0,0,1.0
2025-03-31,New York Mets,Miami Marlins,2-2,10.0,3-2,4.0,0,1,0,0,1,0,0,0,7,0,2,1,0,0,0,0,0,2,1.0
2025-03-31,Kansas City Royals,Milwaukee Brewers,2-2,11.0,0-4,1.0,3,0,1,0,0,0,0,0,0,0,0,0,6,1,0,0,1,0,1.0
2025-03-31,Colorado Rockies,Philadelphia Phillies,1-3,1.0,3-1,6.0,0,0,0,0,0,0,0,0,0,0,1,0,0,4,0,2,0,0,0.0
2025-03-31,Cleveland Guardians,San Diego Padres,2-2,2.0,5-0,7.0,1,0,0,4,1,0,0,0,0,3,0,0,0,0,0,0,0,0,1.0
2025-03-31,Detroit Tigers,Seattle Mariners,1-3,9.0,2-3,6.0,6,0,0,1,1,1,1,1,0,1,0,0,1,0,0,0,0,2,1.0
2025-03-31,Los Angeles Angels,St. Louis Cardinals,3-1,5.0,3-1,4.0,0,1,0,1,1,0,0,0,0,1,1,0,1,0,0,0,0,0,1.0
2025-03-31,Pittsburgh Pirates,Tampa Bay Rays,1-4,1.0,3-1,6.0,0,0,0,0,0,0,0,4,0,0,0,1,0,0,1,1,0,0,0.0
2025-03-31,Washington Nationals,Toronto Blue Jays,1-3,2.0,3-2,5.0,0,0,0,1,0,1,0,2,0,0,2,0,0,0,0,1,0,0,0.0
2025-04-01,Chicago Cubs,Athletics,4-4,7.0,2-4,4.0,3,2,0,0,2,2,1,0,0,0,0,0,1,0,0,0,0,0,1.0
2025-04-01,Minnesota Twins,Chicago White Sox,1-4,8.0,2-3,3.0,0,0,0,1,0,0,0,1,0,1,5,0,0,0,0,0,3,0,0.0
2025-04-01,Texas Rangers,Cincinnati Reds,4-2,1.0,2-3,0.0,1,0,0,0,0,0,0,0,0,0,0,0,0,0,0,0,0,0,1.0
2025-04-01,San Francisco Giants,Houston Astros,4-1,3.0,2-3,1.0,0,0,0,0,2,0,1,1,0,0,0,0,0,0,0,0,0,0,0.0
2025-04-01,Atlanta Braves,Los Angeles Dodgers,0-6,1.0,7-0,3.0,0,0,1,0,0,0,0,0,0,0,0,3,0,0,0,0,0,0,0.0
2025-04-01,New York Mets,Miami Marlins,2-3,2.0,4-2,4.0,0,2,1,0,1,0,0,2,0,0,0,0,0,0,0,0,0,0,1.0
2025-04-01,Kansas City Royals,Milwaukee Brewers,2-3,0.0,1-4,5.0,0,0,0,0,0,2,0,0,0,0,0,2,0,0,0,1,0,0,0.0
2025-04-01,Arizona Diamondbacks,New York Yankees,3-2,7.0,3-1,5.0,0,0,0,0,2,1,0,3,0,0,0,0,0,0,5,0,0,1,0.0
2025-04-01,Cleveland Guardians,San Diego Padres,2-3,0.0,6-0,7.0,0,0,0,0,0,0,0,1,0,2,0,1,0,2,0,1,0,0,0.0
2025-04-01,Detroit Tigers,Seattle Mariners,2-3,4.0,2-4,1.0,2,0,0,0,1,0,0,0,0,0,0,0,0,1,1,0,0,0,1.0
2025-04-01,Los Angeles Angels,St. Louis Cardinals,4-1,9.0,3-2,7.0,0,0,0,1,3,0,0,1,0,0,0,0,0,0,0,1,0,0,0.0
2025-04-01,Pittsburgh Pirates,Tampa Bay Rays,1-5,0.0,4-1,7.0,0,3,0,0,0,1,0,2,0,0,0,0,0,0,0,1,0,0,1.0
2025-04-01,Washington Nationals,Toronto Blue Jays,1-4,3.0,4-2,5.0,0,0,0,3,0,0,0,0,0,0,2,0,1,0,0,2,0,0,0.0
2025-04-02,Chicago Cubs,Athletics,5-4,10.0,2-5,2.0,0,0,4,0,1,2,3,0,0,0,0,0,2,0,0,0,0,0,0.0
2025-04-02,Boston Red Sox,Baltimore Orioles,2-4,3.0,3-3,0.0,0,0,1,0,0,0,0,0,2,0,0,0,0,0,0,0,0,0,0.0
2025-04-02,Minnesota Twins,Chicago White Sox,2-4,6.0,2-4,1.0,1,0,0,0,0,0,3,0,2,0,0,0,0,1,0,0,0,0,1.0
2025-04-02,Texas Rangers,Cincinnati Reds,5-2,1.0,2-4,0.0,0,0,0,0,0,0,1,0,0,0,0,0,0,0,0,0,0,0,0.0
2025-04-02,San Francisco Giants,Houston Astros,5-1,6.0,2-4,3.0,2,0,3,1,0,0,0,0,0,2,0,0,0,0,1,0,0,0,1.0
2025-04-02,Atlanta Braves,Los Angeles Dodgers,0-7,5.0,8-0,6.0,2,0,3,2,0,0,0,1,0,0,0,0,0,0,0,2,0,1,1.0
2025-04-02,New York Mets,Miami Marlins,3-3,6.0,4-3,5.0,1,0,0,0,0,2,0,0,0,0,0,0,0,2,3,0,0,0,1.0
2025-04-02,Kansas City Royals,Milwaukee Brewers,2-4,2.0,2-4,3.0,0,1,1,0,0,0,0,0,0,0,0,0,0,0,0,0,0,0,1.0
2025-04-02,Arizona Diamondbacks,New York Yankees,4-2,4.0,3-2,3.0,2,0,2,0,0,0,0,0,0,0,0,0,0,0,0,0,0,3,1.0
2025-04-02,Colorado Rockies,Philadelphia Phillies,1-4,1.0,4-1,5.0,0,0,0,0,0,0,0,2,0,0,0,0,1,1,0,2,0,0,0.0
2025-04-02,Cleveland Guardians,San Diego Padres,2-4,2.0,7-0,5.0,0,0,0,0,0,4,0,0,0,0,0,0,1,1,1,0,0,0,0.0
2025-04-02,Detroit Tigers,Seattle Mariners,2-4,2.0,3-4,3.0,0,0,0,2,0,0,0,1,2,0,0,0,0,0,0,0,0,0,0.0
2025-04-02,Los Angeles Angels,St. Louis Cardinals,4-2,5.0,4-2,12.0,1,0,0,0,0,0,0,1,0,0,0,2,4,2,0,7,0,0,1.0
2025-04-02,Pittsburgh Pirates,Tampa Bay Rays,2-5,4.0,4-2,2.0,0,0,1,0,0,0,0,0,1,0,0,1,0,0,1,1,1,0,0.0
2025-04-02,Washington Nationals,Toronto Blue Jays,1-5,2.0,5-2,4.0,0,1,0,0,0,0,0,1,0,1,1,1,0,0,0,0,1,0,1.0
2025-04-03,Boston Red Sox,Baltimore Orioles,3-4,8.0,3-4,4.0,2,1,2,0,0,1,1,1,0,0,0,0,2,0,0,0,1,1,1.0
2025-04-03,Cincinnati Reds,Milwaukee Brewers,2-5,0.0,3-4,1.0,0,0,0,0,0,0,0,1,0,0,0,0,0,0,0,0,0,0,0.0
2025-04-03,Houston Astros,Minnesota Twins,3-4,5.0,2-5,2.0,0,2,2,0,0,0,2,0,0,0,1,0,0,0,0,0,0,0,1.0
2025-04-03,Arizona Diamondbacks,New York Yankees,4-3,7.0,4-2,9.0,0,4,1,0,0,2,2,3,0,0,0,0,4,0,0,0,0,0,1.0
2025-04-03,Colorado Rockies,Philadelphia Phillies,1-5,1.0,5-1,3.0,0,0,0,0,0,0,0,0,0,1,0,0,0,1,0,1,1,0,0.0
2025-04-04,Miami Marlins,Atlanta Braves,4-4,0.0,1-7,10.0,0,0,0,0,0,3,0,0,0,0,0,0,0,2,0,5,0,0,0.0
2025-04-04,St. Louis Cardinals,Boston Red Sox,4-3,9.0,4-4,13.0,0,5,0,0,1,1,3,0,1,2,0,0,1,3,0,2,3,0,1.0
2025-04-04,San Diego Padres,Chicago Cubs,7-1,1.0,6-4,3.0,0,1,0,0,1,0,0,0,0,2,0,0,0,0,0,0,0,0,1.0
2025-04-04,Athletics,Colorado Rockies,3-5,6.0,1-6,3.0,1,1,0,0,0,0,1,1,0,0,1,0,0,0,0,1,0,0,1.0
2025-04-04,Chicago White Sox,Detroit Tigers,2-5,4.0,3-4,7.0,0,1,1,0,0,2,0,2,0,1,0,1,0,0,0,0,3,0,1.0
2025-04-04,Baltimore Orioles,Kansas City Royals,3-5,2.0,3-4,8.0,0,1,2,0,0,0,0,2,0,0,0,0,0,0,0,5,0,0,1.0
2025-04-04,Cleveland Guardians,Los Angeles Angels,3-4,8.0,4-3,6.0,1,1,1,0,0,3,0,0,2,0,2,0,1,0,0,0,1,2,1.0
2025-04-04,Cincinnati Reds,Milwaukee Brewers,2-6,2.0,4-4,3.0,0,0,0,1,0,0,0,0,0,2,0,0,0,0,2,0,0,0,0.0
2025-04-04,Toronto Blue Jays,New York Mets,5-3,0.0,4-3,5.0,0,2,0,0,0,0,0,0,0,0,0,3,0,0,0,0,0,0,1.0
2025-04-04,Los Angeles Dodgers,Philadelphia Phillies,8-1,2.0,6-1,3.0,0,1,0,0,0,0,0,0,0,0,0,0,0,2,0,0,2,0,1.0
2025-04-04,New York Yankees,Pittsburgh Pirates,5-2,9.0,2-6,4.0,0,0,2,0,2,1,3,0,0,0,0,0,2,3,0,0,0,0,0.0
2025-04-04,Seattle Mariners,San Francisco Giants,3-5,9.0,6-1,10.0,1,1,0,2,2,0,0,2,2,1,3,2,0,0,0,0,0,0,1.0
2025-04-04,Tampa Bay Rays,Texas Rangers,4-3,2.0,6-2,5.0,0,0,0,0,0,4,0,0,0,0,0,0,2,1,0,0,0,0,0.0
2025-04-04,Arizona Diamondbacks,Washington Nationals,5-3,6.0,1-6,4.0,1,3,0,0,1,0,0,0,2,0,0,1,2,0,0,0,0,0,1.0
2025-04-05,Miami Marlins,Atlanta Braves,5-4,4.0,1-8,0.0,2,0,0,0,0,0,1,0,0,0,0,0,1,0,0,0,0,0,1.0
2025-04-05,St. Louis Cardinals,Boston Red Sox,12-15,,15-14,,,,,,,,,,,,,,,,,,,,
2025-04-05,San Diego Padres,Chicago Cubs,7-2,1.0,7-4,7.0,0,0,0,2,0,1,0,1,0,0,0,3,1,0,0,0,0,0,0.0
2025-04-05,Athletics,Colorado Rockies,4-5,7.0,1-7,4.0,0,0,0,2,0,1,1,0,0,0,3,0,3,0,0,1,0,0,0.0
2025-04-05,Chicago White Sox,Detroit Tigers,2-6,2.0,4-4,7.0,1,2,0,2,0,3,0,0,1,0,0,0,0,0,0,0,0,0,1.0
2025-04-05,Baltimore Orioles,Kansas City Royals,4-5,8.0,3-5,1.0,0,0,2,0,0,0,0,0,0,0,4,1,2,0,0,0,0,0,0.0
2025-04-05,Cleveland Guardians,Los Angeles Angels,3-5,4.0,5-3,10.0,1,3,0,0,2,0,0,0,0,7,0,0,0,0,1,0,0,0,1.0
2025-04-05,Cincinnati Reds,Milwaukee Brewers,3-6,11.0,4-5,7.0,1,0,3,0,0,0,3,1,0,4,0,0,3,2,0,0,1,0,1.0
2025-04-05,Houston Astros,Minnesota Twins,3-5,1.0,3-5,6.0,1,0,0,0,0,0,0,6,0,0,0,0,0,0,0,0,0,0,1.0
2025-04-05,Toronto Blue Jays,New York Mets,5-4,2.0,5-3,3.0,0,0,0,0,0,0,0,0,1,0,1,0,0,0,0,2,0,1,0.0
2025-04-05,Los Angeles Dodgers,Philadelphia Phillies,9-1,3.0,6-2,1.0,0,1,2,0,0,0,0,0,0,0,1,0,0,0,0,0,0,0,1.0
2025-04-05,New York Yankees,Pittsburgh Pirates,6-2,10.0,2-7,4.0,0,0,1,0,1,0,0,4,6,0,0,0,0,0,1,0,1,0,0.0
2025-04-05,Seattle Mariners,San Francisco Giants,3-6,1.0,7-1,4.0,0,0,0,0,0,0,0,2,1,0,0,2,0,0,0,0,0,0,0.0
2025-04-05,Tampa Bay Rays,Texas Rangers,4-4,4.0,7-2,6.0,0,4,0,0,1,0,0,0,0,0,3,0,0,2,0,0,0,0,1.0
2025-04-05,Arizona Diamondbacks,Washington Nationals,5-4,3.0,2-6,4.0,0,3,0,0,0,0,0,1,0,0,1,0,1,0,0,0,1,0,1.0
2025-04-06,Miami Marlins,Atlanta Braves,12-14,,12-14,,,,,,,,,,,,,,,,,,,,
2025-04-06,St. Louis Cardinals,Boston Red Sox,4-4,4.0,5-4,5.0,0,0,0,0,0,0,1,1,0,1,1,0,0,0,2,0,0,2,0.0
2025-04-06,St. Louis Cardinals,Boston Red Sox,4-5,7.0,6-4,18.0,1,1,0,5,0,4,1,0,0,1,0,5,1,2,0,0,4,0,1.0
2025-04-06,San Diego Padres,Chicago Cubs,8-2,8.0,7-5,7.0,3,5,0,2,0,0,2,0,1,0,0,0,0,0,1,0,1,0,1.0
2025-04-06,Athletics,Colorado Rockies,4-6,5.0,2-7,12.0,2,2,0,3,0,1,1,1,1,0,0,0,0,0,0,5,1,0,1.0
2025-04-06,Chicago White Sox,Detroit Tigers,2-7,3.0,5-4,4.0,2,0,0,1,0,0,1,0,0,0,0,0,0,0,0,0,0,3,1.0
2025-04-06,Baltimore Orioles,Kansas City Royals,4-6,1.0,4-5,4.0,0,3,0,1,0,0,0,0,0,0,0,0,1,0,0,0,0,0,1.0
2025-04-06,Cleveland Guardians,Los Angeles Angels,3-6,2.0,6-3,6.0,1,0,0,2,0,0,1,0,0,0,0,1,0,2,0,1,0,0,1.0
2025-04-06,Cincinnati Reds,Milwaukee Brewers,3-7,2.0,5-5,8.0,0,0,0,0,0,2,0,5,1,0,0,0,0,1,1,0,0,0,0.0
2025-04-06,Houston Astros,Minnesota Twins,4-5,9.0,3-6,7.0,1,3,0,1,0,0,0,3,3,0,1,0,0,0,0,0,2,0,1.0
2025-04-06,Toronto Blue Jays,New York Mets,5-5,1.0,6-3,2.0,0,0,0,0,0,2,0,0,1,0,0,0,0,0,0,0,0,0,0.0
2025-04-06,Los Angeles Dodgers,Philadelphia Phillies,9-2,7.0,7-2,8.0,2,0,0,0,0,6,1,0,1,0,0,0,3,2,0,0,0,0,1.0
2025-04-06,New York Yankees,Pittsburgh Pirates,6-3,4.0,3-7,5.0,1,0,0,0,0,2,0,2,0,0,0,0,0,0,0,0,3,0,1.0
2025-04-06,Seattle Mariners,San Francisco Giants,3-7,4.0,8-1,5.0,1,0,0,0,1,0,0,4,0,0,1,0,0,0,0,0,1,1,1.0
2025-04-06,Tampa Bay Rays,Texas Rangers,4-5,3.0,8-2,4.0,0,0,0,0,0,1,1,0,0,0,0,1,0,1,2,0,0,1,0.0
2025-04-06,Arizona Diamondbacks,Washington Nationals,5-5,4.0,3-6,5.0,1,2,1,1,0,1,0,0,1,0,0,1,0,0,1,0,0,0,1.0
2025-04-07,Baltimore Orioles,Arizona Diamondbacks,5-6,5.0,5-6,1.0,1,0,0,0,1,0,0,1,3,0,0,0,0,0,0,0,0,0,1.0
2025-04-07,San Diego Padres,Athletics,9-2,5.0,4-7,4.0,3,0,0,0,1,1,0,2,0,0,0,0,1,1,0,0,0,0,1.0
2025-04-07,Toronto Blue Jays,Boston Red Sox,6-5,6.0,6-5,2.0,0,0,0,0,2,1,0,0,1,0,0,0,2,0,0,1,1,0,0.0
2025-04-07,Texas Rangers,Chicago Cubs,8-3,0.0,8-5,7.0,0,0,0,1,0,1,0,0,0,1,0,4,0,0,0,0,0,0,0.0
2025-04-07,New York Yankees,Detroit Tigers,6-4,2.0,6-4,6.0,0,0,0,0,0,3,0,0,1,2,0,0,0,1,1,0,0,0,0.0
2025-04-07,Minnesota Twins,Kansas City Royals,3-7,2.0,5-5,4.0,0,1,1,2,0,0,0,0,0,0,0,1,0,0,0,0,1,0,1.0
2025-04-07,Miami Marlins,New York Mets,5-5,0.0,7-3,2.0,0,0,0,0,0,1,0,0,0,0,0,0,0,0,0,1,0,0,0.0
2025-04-07,St. Louis Cardinals,Pittsburgh Pirates,4-6,4.0,4-7,8.0,0,1,0,3,0,0,0,0,1,0,1,0,0,4,1,0,1,0,1.0
2025-04-07,Cincinnati Reds,San Francisco Giants,4-7,2.0,8-2,0.0,0,0,0,0,0,0,0,0,0,0,0,0,0,0,2,0,0,0,0.0
2025-04-07,Houston Astros,Seattle Mariners,4-6,3.0,4-7,4.0,0,0,0,0,0,0,0,0,0,2,1,0,0,0,2,2,0,0,0.0
2025-04-07,Los Angeles Dodgers,Washington Nationals,9-3,4.0,4-6,6.0,0,0,0,2,2,1,0,0,0,0,0,0,0,3,2,0,0,0,0.0
2025-04-08,Baltimore Orioles,Arizona Diamondbacks,5-7,3.0,6-6,4.0,2,1,0,0,0,1,0,0,0,2,0,0,1,0,0,0,0,0,1.0
2025-04-08,San Diego Padres,Athletics,9-3,4.0,5-7,10.0,3,6,1,0,0,3,0,0,0,0,0,0,0,1,0,0,0,0,1.0
2025-04-08,Philadelphia Phillies,Atlanta Braves,7-3,5.0,2-8,7.0,1,0,0,3,3,0,0,0,1,0,0,2,0,1,0,1,0,0,1.0
2025-04-08,Toronto Blue Jays,Boston Red Sox,7-5,6.0,6-6,1.0,0,0,0,0,0,0,0,0,0,0,4,0,0,1,2,0,0,0,0.0
2025-04-08,Texas Rangers,Chicago Cubs,8-4,6.0,9-5,10.0,0,0,2,3,1,0,0,0,0,3,0,0,2,0,1,4,0,0,0.0
2025-04-08,Chicago White Sox,Cleveland Guardians,2-8,0.0,4-6,1.0,0,0,0,0,0,0,0,0,0,0,0,0,0,0,0,0,0,1,0.0
2025-04-08,Milwaukee Brewers,Colorado Rockies,6-5,7.0,2-8,1.0,0,0,0,0,4,1,0,0,0,0,0,0,3,0,0,0,0,0,0.0
2025-04-08,New York Yankees,Detroit Tigers,6-5,0.0,7-4,5.0,0,0,0,1,0,0,0,3,0,1,0,0,0,0,0,0,0,0,0.0
2025-04-08,Minnesota Twins,Kansas City Royals,3-8,1.0,6-5,2.0,0,0,0,0,0,0,0,1,1,0,0,0,0,0,0,1,0,0,0.0
2025-04-08,Miami Marlins,New York Mets,5-6,5.0,8-3,10.0,2,1,0,0,0,1,0,0,0,4,3,3,0,1,0,0,0,0,1.0
2025-04-08,St. Louis Cardinals,Pittsburgh Pirates,5-6,5.0,4-8,3.0,0,0,0,0,3,0,0,1,0,0,2,0,0,0,0,0,0,2,0.0
2025-04-08,Cincinnati Reds,San Francisco Giants,5-7,1.0,8-3,0.0,0,0,0,0,1,0,0,0,0,0,0,0,0,0,0,0,0,0,0.0
2025-04-08,Houston Astros,Seattle Mariners,5-6,2.0,4-8,1.0,0,0,0,0,0,0,0,0,0,0,0,0,1,1,0,0,0,0,0.0
2025-04-08,Los Angeles Angels,Tampa Bay Rays,7-3,4.0,4-6,3.0,0,0,2,0,0,0,0,0,0,0,0,0,0,3,1,0,1,0,0.0
2025-04-08,Los Angeles Dodgers,Washington Nationals,9-4,2.0,5-6,8.0,0,2,0,3,0,0,0,3,1,0,0,0,0,0,1,0,0,0,1.0
2025-04-09,Baltimore Orioles,Arizona Diamondbacks,5-8,0.0,7-6,9.0,0,1,0,0,0,1,0,0,0,5,0,0,0,0,0,2,0,0,1.0
2025-04-09,San Diego Padres,Athletics,10-3,2.0,5-8,1.0,0,0,0,1,1,0,0,0,1,0,0,0,0,0,0,0,0,0,0.0
2025-04-09,Philadelphia Phillies,Atlanta Braves,8-3,4.0,2-9,3.0,0,0,0,0,0,0,0,0,0,0,1,2,2,1,0,0,1,0,0.0
2025-04-09,Toronto Blue Jays,Boston Red Sox,8-5,2.0,6-7,1.0,1,1,0,0,0,0,0,0,0,0,0,0,0,0,0,0,0,0,1.0
2025-04-09,Texas Rangers,Chicago Cubs,9-4,6.0,9-6,2.0,1,0,0,0,0,0,0,1,4,0,0,0,1,0,0,0,0,1,1.0
2025-04-09,Chicago White Sox,Cleveland Guardians,2-9,2.0,5-6,3.0,1,2,0,0,0,1,0,0,0,0,0,0,0,0,0,0,1,0,1.0
2025-04-09,Milwaukee Brewers,Colorado Rockies,7-5,17.0,2-9,2.0,0,0,0,0,5,1,0,1,5,0,0,0,0,0,0,0,7,0,0.0
2025-04-09,New York Yankees,Detroit Tigers,7-5,4.0,7-5,3.0,0,0,0,0,0,0,0,0,0,0,0,0,2,0,0,0,2,3,0.0
2025-04-09,Minnesota Twins,Kansas City Royals,4-8,4.0,6-6,0.0,0,0,0,0,0,0,1,0,0,0,1,0,0,0,1,0,1,0,0.0
2025-04-09,Miami Marlins,New York Mets,6-6,5.0,8-4,0.0,0,0,0,0,0,0,0,0,2,0,0,0,0,0,0,0,3,0,0.0
2025-04-09,St. Louis Cardinals,Pittsburgh Pirates,5-7,1.0,5-8,2.0,0,0,0,0,0,0,0,0,0,0,0,0,0,0,0,0,0,0,0.0
2025-04-09,Cincinnati Reds,San Francisco Giants,5-8,6.0,9-3,8.0,0,0,0,0,5,0,0,1,0,0,1,4,0,0,0,1,0,0,0.0
2025-04-09,Houston Astros,Seattle Mariners,5-7,6.0,5-8,7.0,0,0,3,0,1,0,0,0,0,0,0,0,0,0,1,4,1,3,0.0
2025-04-09,Los Angeles Angels,Tampa Bay Rays,7-4,4.0,5-6,5.0,0,4,1,0,0,0,1,0,1,0,0,0,0,1,1,0,0,0,1.0
2025-04-09,Los Angeles Dodgers,Washington Nationals,10-4,6.0,5-7,5.0,4,3,0,0,0,2,0,0,0,0,0,0,2,0,0,0,0,0,1.0
2025-04-10,Philadelphia Phillies,Atlanta Braves,8-4,2.0,3-9,4.0,0,1,0,0,1,0,0,0,0,0,0,0,0,0,0,0,0,0,1.0
2025-04-10,Toronto Blue Jays,Boston Red Sox,8-6,3.0,7-7,4.0,0,0,0,0,0,0,0,0,0,0,0,1,2,0,0,1,0,0,0.0
2025-04-10,Chicago White Sox,Cleveland Guardians,2-10,1.0,6-6,6.0,1,2,0,0,0,2,0,1,0,0,0,1,0,0,0,0,0,0,1.0
2025-04-10,Milwaukee Brewers,Colorado Rockies,7-6,2.0,3-9,7.0,0,1,0,0,0,0,1,0,0,0,0,0,0,1,1,5,0,0,1.0
2025-04-10,Minnesota Twins,Kansas City Royals,4-9,2.0,7-6,3.0,0,1,1,0,0,0,0,0,0,0,1,0,0,2,0,0,0,0,1.0
2025-04-10,Los Angeles Angels,Tampa Bay Rays,8-4,11.0,5-7,1.0,1,0,1,0,0,0,0,1,8,0,0,0,0,0,0,0,1,0,1.0
2025-04-11,Milwaukee Brewers,Arizona Diamondbacks,8-6,7.0,7-7,0.0,0,0,0,0,0,0,1,0,2,0,0,0,0,0,0,0,4,0,0.0
2025-04-11,New York Mets,Athletics,9-4,7.0,5-9,6.0,0,0,2,1,0,0,0,0,1,0,3,3,0,0,1,0,0,2,0.0
2025-04-11,Toronto Blue Jays,Baltimore Orioles,13-13,,10-16,,,,,,,,,,,,,,,,,,,,
2025-04-11,Boston Red Sox,Chicago White Sox,7-8,1.0,3-10,11.0,0,0,0,2,0,0,0,4,0,1,0,0,1,2,0,2,0,0,0.0
2025-04-11,Pittsburgh Pirates,Cincinnati Reds,5-9,3.0,6-8,5.0,0,3,0,0,0,2,0,0,3,0,0,0,0,0,0,0,0,0,1.0
2025-04-11,Kansas City Royals,Cleveland Guardians,7-7,0.0,7-6,7.0,0,0,0,0,0,0,0,3,0,0,0,0,0,0,0,4,0,0,0.0
2025-04-11,Los Angeles Angels,Houston Astros,8-5,3.0,6-7,14.0,0,0,0,1,0,0,1,0,1,6,0,4,0,0,1,3,0,0,0.0
2025-04-11,Chicago Cubs,Los Angeles Dodgers,9-7,0.0,11-4,3.0,0,0,0,0,0,0,0,0,0,0,0,3,0,0,0,0,0,0,0.0
2025-04-11,Washington Nationals,Miami Marlins,6-7,7.0,6-7,4.0,0,0,0,0,0,0,0,0,0,4,2,0,0,0,3,0,2,0,0.0
2025-04-11,Detroit Tigers,Minnesota Twins,8-5,7.0,4-10,6.0,0,0,0,1,0,0,0,0,1,3,4,0,1,1,1,0,0,1,0.0
2025-04-11,San Francisco Giants,New York Yankees,10-3,9.0,7-6,1.0,5,0,0,1,0,0,0,0,3,0,1,0,0,0,0,0,0,0,1.0
2025-04-11,Colorado Rockies,San Diego Padres,3-10,0.0,11-3,8.0,0,0,0,0,0,0,0,0,0,6,0,1,0,1,0,0,0,0,0.0
2025-04-11,Texas Rangers,Seattle Mariners,9-5,3.0,6-8,5.0,0,1,0,1,0,0,1,1,0,0,2,0,0,0,0,2,0,0,1.0
2025-04-11,Philadelphia Phillies,St. Louis Cardinals,8-5,0.0,6-7,2.0,0,0,0,0,0,0,0,0,0,2,0,0,0,0,0,0,0,0,0.0
2025-04-11,Atlanta Braves,Tampa Bay Rays,3-10,3.0,6-7,6.0,1,0,0,0,0,1,0,2,0,0,0,2,0,0,2,1,0,0,1.0
2025-04-12,Milwaukee Brewers,Arizona Diamondbacks,8-7,4.0,8-7,5.0,0,0,2,0,0,0,0,0,0,0,1,0,0,0,0,0,1,5,0.0
2025-04-12,New York Mets,Athletics,9-5,1.0,6-9,3.0,0,0,0,0,0,0,0,2,0,0,1,0,0,1,0,0,0,0,0.0
2025-04-12,Toronto Blue Jays,Baltimore Orioles,8-7,4.0,6-8,5.0,1,0,1,0,1,0,0,0,0,2,0,3,1,0,0,0,0,0,1.0
2025-04-12,Boston Red Sox,Chicago White Sox,7-9,2.0,4-10,3.0,0,0,0,0,0,0,0,0,2,0,0,2,0,0,0,0,0,1,0.0
2025-04-12,Pittsburgh Pirates,Cincinnati Reds,5-10,2.0,7-8,5.0,0,0,0,0,0,4,0,0,1,0,0,0,1,1,0,0,0,0,0.0
2025-04-12,Kansas City Royals,Cleveland Guardians,7-8,3.0,8-6,6.0,0,0,0,0,0,0,1,1,0,1,0,1,0,0,0,3,2,0,0.0
2025-04-12,Los Angeles Angels,Houston Astros,9-5,4.0,6-8,1.0,2,0,0,0,0,0,1,0,1,0,0,0,0,0,0,1,0,0,1.0
2025-04-12,Chicago Cubs,Los Angeles Dodgers,10-7,16.0,11-5,0.0,0,0,1,0,0,0,0,0,0,0,1,0,5,0,4,0,5,0,0.0
2025-04-12,Washington Nationals,Miami Marlins,6-8,6.0,7-7,7.0,0,0,0,1,0,2,3,0,0,3,1,1,2,0,0,0,0,0,0.0
2025-04-12,Detroit Tigers,Minnesota Twins,9-5,4.0,4-11,0.0,1,0,0,0,0,0,1,0,0,0,2,0,0,0,0,0,0,0,1.0
2025-04-12,San Francisco Giants,New York Yankees,10-4,4.0,8-6,8.0,0,2,2,0,0,0,0,0,0,5,2,1,0,0,0,0,0,0,1.0
2025-04-12,Colorado Rockies,San Diego Padres,3-11,0.0,12-3,2.0,0,1,0,0,0,0,0,0,0,1,0,0,0,0,0,0,0,0,1.0
2025-04-12,Texas Rangers,Seattle Mariners,9-6,2.0,7-8,9.0,1,0,0,0,0,4,0,0,0,1,0,0,0,4,0,0,1,0,1.0
2025-04-12,Philadelphia Phillies,St. Louis Cardinals,9-5,4.0,6-8,1.0,2,0,0,0,0,0,0,0,1,0,0,1,1,0,0,0,0,0,1.0
2025-04-12,Atlanta Braves,Tampa Bay Rays,4-10,5.0,6-8,4.0,0,1,0,0,0,1,0,0,0,0,0,0,1,1,2,0,2,1,1.0
2025-04-13,Milwaukee Brewers,Arizona Diamondbacks,8-8,2.0,9-7,5.0,2,0,0,0,0,0,0,0,0,1,0,1,0,1,0,2,0,0,1.0
2025-04-13,New York Mets,Athletics,10-5,8.0,6-10,0.0,0,0,0,0,0,0,0,0,0,0,1,0,2,0,1,0,4,0,0.0
2025-04-13,Toronto Blue Jays,Baltimore Orioles,9-7,7.0,6-9,6.0,0,1,1,1,1,1,0,1,0,0,1,2,0,0,3,0,0,0,1.0
2025-04-13,Boston Red Sox,Chicago White Sox,8-9,3.0,4-11,1.0,0,0,0,0,0,0,0,0,0,0,2,0,0,0,0,1,1,0,0.0
2025-04-13,Pittsburgh Pirates,Cincinnati Reds,5-11,0.0,8-8,4.0,0,0,0,0,0,2,0,0,0,2,0,0,0,0,0,0,0,0,0.0
2025-04-13,Kansas City Royals,Cleveland Guardians,8-8,4.0,8-7,2.0,0,0,0,2,0,0,2,0,2,0,0,0,0,0,0,0,0,0,0.0
2025-04-13,Los Angeles Angels,Houston Astros,9-6,3.0,7-8,7.0,1,0,1,5,0,0,0,0,0,0,1,1,0,1,0,0,0,0,1.0
2025-04-13,Chicago Cubs,Los Angeles Dodgers,11-7,4.0,11-6,2.0,0,0,0,1,1,0,0,0,0,0,1,1,1,0,1,0,0,0,0.0
2025-04-13,Washington Nationals,Miami Marlins,6-9,4.0,8-7,11.0,0,0,1,1,0,0,2,2,0,0,0,1,0,3,0,4,1,0,0.0
2025-04-13,Detroit Tigers,Minnesota Twins,9-6,1.0,5-11,5.0,0,1,0,1,0,0,1,0,0,0,0,2,0,0,0,1,0,0,1.0
2025-04-13,San Francisco Giants,New York Yankees,11-4,5.0,8-7,4.0,0,1,0,2,0,0,1,0,0,0,3,0,1,0,0,1,0,0,1.0
2025-04-13,Colorado Rockies,San Diego Padres,3-12,0.0,13-3,6.0,0,4,0,0,0,0,0,1,0,0,0,0,0,1,0,0,0,0,1.0
2025-04-13,Texas Rangers,Seattle Mariners,9-7,1.0,8-8,3.0,0,2,1,0,0,0,0,0,0,0,0,1,0,0,0,0,0,0,1.0
2025-04-13,Philadelphia Phillies,St. Louis Cardinals,9-6,0.0,7-8,7.0,0,0,0,0,0,0,0,2,0,0,0,2,0,1,0,2,0,0,0.0
2025-04-13,Atlanta Braves,Tampa Bay Rays,4-11,3.0,7-8,8.0,0,2,0,0,0,0,0,1,0,1,3,4,0,0,0,0,0,0,1.0
2025-04-14,Colorado Rockies,Los Angeles Dodgers,3-13,3.0,12-6,5.0,0,2,0,0,0,1,0,0,0,1,1,1,2,0,0,0,0,0,1.0
2025-04-14,Detroit Tigers,Milwaukee Brewers,10-6,9.0,8-9,1.0,2,0,2,0,0,0,4,0,1,0,0,0,0,0,0,0,0,1,1.0
2025-04-14,New York Mets,Minnesota Twins,11-5,5.0,5-12,1.0,0,0,0,0,1,0,0,0,0,1,2,0,2,0,0,0,0,0,0.0
2025-04-14,Kansas City Royals,New York Yankees,8-9,1.0,9-7,4.0,0,0,0,0,1,0,0,1,0,3,0,0,0,0,0,0,0,0,0.0
2025-04-14,San Francisco Giants,Philadelphia Phillies,12-4,10.0,9-7,4.0,0,3,6,0,0,0,0,0,0,1,0,0,2,0,0,0,2,0,1.0
2025-04-14,Washington Nationals,Pittsburgh Pirates,6-10,3.0,6-11,10.0,0,1,0,0,0,1,0,0,0,3,2,0,0,0,1,5,0,0,1.0
2025-04-14,Chicago Cubs,San Diego Padres,11-8,4.0,14-3,10.0,0,0,0,0,0,1,3,0,0,0,0,2,0,3,1,4,0,0,0.0
2025-04-14,Houston Astros,St. Louis Cardinals,7-9,3.0,8-8,8.0,0,0,0,0,0,1,0,3,0,3,0,0,0,1,0,0,3,0,0.0
2025-04-14,Boston Red Sox,Tampa Bay Rays,8-10,1.0,8-8,16.0,0,1,0,4,1,9,0,0,0,1,0,0,0,0,0,1,0,0,1.0
2025-04-14,Atlanta Braves,Toronto Blue Jays,5-11,8.0,9-8,4.0,2,0,0,0,2,0,0,0,4,0,0,1,0,0,0,2,0,1,1.0
2025-04-15,Cleveland Guardians,Baltimore Orioles,9-7,6.0,6-10,3.0,0,0,0,0,1,0,0,0,3,0,2,0,0,1,0,2,0,0,0.0
2025-04-15,Athletics,Chicago White Sox,7-10,12.0,4-12,3.0,3,3,1,0,1,0,0,0,0,0,4,0,0,0,0,0,3,0,1.0
2025-04-15,Seattle Mariners,Cincinnati Reds,8-9,4.0,9-8,8.0,1,0,1,0,0,2,0,0,2,4,0,0,0,0,0,2,0,0,1.0
2025-04-15,Colorado Rockies,Los Angeles Dodgers,3-14,2.0,13-6,6.0,0,0,0,1,0,4,2,0,0,0,0,0,0,0,0,1,0,0,0.0
2025-04-15,Arizona Diamondbacks,Miami Marlins,10-7,10.0,8-8,4.0,0,0,4,1,1,0,0,0,0,0,5,0,0,2,0,0,0,1,0.0
2025-04-15,Detroit Tigers,Milwaukee Brewers,10-7,0.0,9-9,5.0,0,0,0,2,0,0,0,1,0,0,0,0,0,2,0,0,0,0,0.0
2025-04-15,New York Mets,Minnesota Twins,11-6,3.0,6-12,6.0,1,0,0,0,0,2,1,1,0,1,0,1,1,1,0,0,0,0,1.0
2025-04-15,Kansas City Royals,New York Yankees,8-10,2.0,10-7,4.0,0,0,0,0,2,0,0,0,0,0,0,4,0,0,0,0,0,0,0.0
2025-04-15,San Francisco Giants,Philadelphia Phillies,12-5,4.0,10-7,6.0,0,0,0,2,0,0,2,0,0,0,1,2,0,2,1,0,0,0,0.0
2025-04-15,Washington Nationals,Pittsburgh Pirates,7-10,3.0,6-12,0.0,1,0,0,0,0,0,0,0,0,0,2,0,0,0,0,0,0,0,1.0
2025-04-15,Chicago Cubs,San Diego Padres,12-8,2.0,14-4,1.0,0,0,0,0,0,0,0,0,0,1,1,0,0,0,0,0,0,0,0.0
2025-04-15,Houston Astros,St. Louis Cardinals,8-9,2.0,8-9,0.0,0,0,0,0,0,0,0,0,0,0,1,0,0,0,1,0,0,0,0.0
2025-04-15,Boston Red Sox,Tampa Bay Rays,9-10,7.0,8-9,4.0,1,0,2,1,2,0,1,1,0,0,0,0,1,0,0,0,0,2,1.0
2025-04-15,Los Angeles Angels,Texas Rangers,9-7,0.0,10-7,4.0,0,0,0,0,0,0,0,0,0,0,0,1,0,1,0,2,0,0,0.0
2025-04-15,Atlanta Braves,Toronto Blue Jays,5-12,3.0,10-8,6.0,1,0,0,0,0,1,0,0,0,5,1,0,0,0,0,0,1,0,1.0
2025-04-16,Cleveland Guardians,Baltimore Orioles,9-8,1.0,7-10,9.0,0,0,0,4,1,0,0,0,0,0,0,0,0,1,0,4,0,0,0.0
2025-04-16,Athletics,Chicago White Sox,8-10,3.0,4-13,1.0,0,0,0,0,0,1,0,0,0,0,3,0,0,0,0,0,0,0,0.0
2025-04-16,Seattle Mariners,Cincinnati Reds,9-9,5.0,9-9,3.0,1,0,1,0,0,0,1,0,1,0,0,0,1,3,0,0,0,0,1.0
2025-04-16,Colorado Rockies,Los Angeles Dodgers,3-15,7.0,14-6,8.0,1,7,0,0,5,0,0,0,0,1,0,0,1,0,0,0,0,0,1.0
2025-04-16,Arizona Diamondbacks,Miami Marlins,11-7,6.0,8-9,2.0,0,0,1,0,0,0,0,1,1,0,1,0,1,0,2,1,0,0,0.0
2025-04-16,Detroit Tigers,Milwaukee Brewers,10-8,1.0,10-9,5.0,0,0,0,1,0,3,0,0,0,0,1,1,0,0,0,0,0,0,0.0
2025-04-16,New York Mets,Minnesota Twins,11-7,3.0,7-12,4.0,0,0,0,0,0,0,0,0,0,2,0,1,0,0,3,0,0,0,0.0
2025-04-16,Kansas City Royals,New York Yankees,8-11,3.0,11-7,4.0,1,0,0,0,0,2,0,1,2,0,0,0,0,1,0,0,0,0,1.0
2025-04-16,San Francisco Giants,Philadelphia Phillies,13-5,11.0,10-8,4.0,4,2,0,0,0,0,0,2,1,0,2,0,4,0,0,0,0,0,1.0
2025-04-16,Washington Nationals,Pittsburgh Pirates,7-11,1.0,7-12,6.0,0,0,0,0,0,0,0,0,0,1,0,0,0,5,0,0,1,0,0.0
2025-04-16,Chicago Cubs,San Diego Padres,12-9,2.0,15-4,4.0,0,0,0,0,1,2,0,0,0,0,0,0,0,1,1,1,0,0,0.0
2025-04-16,Houston Astros,St. Louis Cardinals,8-10,1.0,9-9,4.0,1,0,0,0,0,0,0,0,0,3,0,1,0,0,0,0,0,0,1.0
2025-04-16,Boston Red Sox,Tampa Bay Rays,10-10,1.0,8-10,0.0,0,0,0,0,1,0,0,0,0,0,0,0,0,0,0,0,0,0,0.0
2025-04-16,Los Angeles Angels,Texas Rangers,9-8,1.0,11-7,3.0,0,0,0,3,0,0,0,0,0,0,1,0,0,0,0,0,0,0,0.0
2025-04-16,Atlanta Braves,Toronto Blue Jays,5-13,1.0,11-8,3.0,0,0,0,0,0,1,0,0,0,0,0,1,0,1,0,0,1,0,0.0
2025-04-17,Cleveland Guardians,Baltimore Orioles,9-9,2.0,8-10,6.0,0,1,0,0,2,3,0,0,0,0,0,2,0,0,0,0,0,0,1.0
2025-04-17,Athletics,Chicago White Sox,9-10,8.0,4-14,0.0,1,0,0,0,0,0,0,0,1,0,2,0,1,0,0,0,3,0,1.0
2025-04-17,Seattle Mariners,Cincinnati Reds,10-9,11.0,9-10,7.0,0,2,0,0,0,0,2,0,2,0,0,0,0,1,1,4,2,0,1.0
2025-04-17,Kansas City Royals,Detroit Tigers,8-12,1.0,11-8,6.0,0,0,0,0,0,3,0,0,0,1,0,0,0,0,1,2,0,0,0.0
2025-04-17,Arizona Diamondbacks,Miami Marlins,12-7,6.0,8-10,4.0,2,1,0,0,1,0,2,1,1,1,0,0,0,1,0,0,0,0,1.0
2025-04-17,St. Louis Cardinals,New York Mets,9-10,1.0,12-7,4.0,0,0,0,4,1,0,0,0,0,0,0,0,0,0,0,0,0,0,0.0
2025-04-17,San Francisco Giants,Philadelphia Phillies,13-6,4.0,11-8,6.0,1,5,0,0,0,0,0,0,0,0,2,0,0,0,0,1,1,0,1.0
2025-04-17,Washington Nationals,Pittsburgh Pirates,7-12,0.0,8-12,1.0,0,1,0,0,0,0,0,0,0,0,0,0,0,0,0,0,0,0,1.0
2025-04-17,New York Yankees,Tampa Bay Rays,12-7,6.0,8-11,3.0,1,0,0,1,0,2,0,0,2,0,3,0,0,0,0,0,0,0,1.0
2025-04-17,Los Angeles Angels,Texas Rangers,9-9,3.0,12-7,5.0,1,1,0,2,0,1,0,0,2,0,0,0,0,1,0,0,0,0,1.0
2025-04-18,Minnesota Twins,Atlanta Braves,7-13,4.0,6-13,6.0,0,0,2,0,1,0,1,0,0,1,0,0,0,0,0,5,0,0,0.0
2025-04-18,Cincinnati Reds,Baltimore Orioles,10-10,8.0,8-11,3.0,0,0,0,1,3,0,4,0,0,0,1,0,0,0,0,2,0,0,0.0
2025-04-18,Chicago White Sox,Boston Red Sox,4-15,3.0,11-10,10.0,0,3,0,0,0,1,1,2,0,0,1,0,0,3,0,1,1,0,1.0
2025-04-18,Arizona Diamondbacks,Chicago Cubs,12-8,11.0,13-9,13.0,0,0,0,2,0,0,0,0,1,0,0,0,0,5,10,6,0,0,0.0
2025-04-18,Washington Nationals,Colorado Rockies,12-15,,4-22,,,,,,,,,,,,,,,,,,,,
2025-04-18,Kansas City Royals,Detroit Tigers,8-13,3.0,12-8,7.0,1,0,0,1,0,0,0,1,0,3,0,0,0,2,0,0,2,0,1.0
2025-04-18,San Diego Padres,Houston Astros,15-5,4.0,9-10,6.0,0,0,1,3,0,1,1,1,0,0,0,0,2,0,0,1,0,0,0.0
2025-04-18,San Francisco Giants,Los Angeles Angels,13-7,0.0,10-9,2.0,0,0,0,2,0,0,0,0,0,0,0,0,0,0,0,0,0,0,0.0
2025-04-18,Athletics,Milwaukee Brewers,9-11,3.0,11-9,5.0,0,0,0,0,0,2,0,0,0,1,1,0,0,2,0,0,2,0,0.0
2025-04-18,St. Louis Cardinals,New York Mets,9-11,4.0,13-7,5.0,0,0,1,0,0,0,1,0,0,2,1,1,0,0,0,1,1,1,0.0
2025-04-18,Miami Marlins,Philadelphia Phillies,8-11,2.0,12-8,7.0,0,2,0,4,0,0,0,0,0,1,2,0,0,0,0,0,0,0,1.0
2025-04-18,Cleveland Guardians,Pittsburgh Pirates,10-9,10.0,8-13,7.0,0,1,0,0,2,1,2,0,1,0,0,0,5,3,0,0,0,2,1.0
2025-04-18,New York Yankees,Tampa Bay Rays,13-7,1.0,8-12,0.0,0,0,1,0,0,0,0,0,0,0,0,0,0,0,0,0,0,0,0.0
2025-04-18,Los Angeles Dodgers,Texas Rangers,15-6,3.0,12-8,0.0,1,0,0,0,0,0,0,0,0,0,0,0,0,0,0,0,2,0,1.0
2025-04-18,Seattle Mariners,Toronto Blue Jays,10-10,1.0,12-8,3.0,0,1,1,1,0,0,0,1,0,0,0,0,0,0,0,0,0,0,1.0
2025-04-19,Minnesota Twins,Atlanta Braves,7-14,3.0,7-13,4.0,1,1,0,0,0,1,1,0,0,0,1,2,0,0,0,0,0,0,1.0
2025-04-19,Cincinnati Reds,Baltimore Orioles,10-11,5.0,9-11,9.0,1,2,2,1,0,2,0,0,0,0,1,0,0,2,0,2,1,0,1.0
2025-04-19,Chicago White Sox,Boston Red Sox,4-16,3.0,12-10,4.0,0,0,0,0,0,0,0,0,0,3,0,0,3,0,0,0,0,0,0.0
2025-04-19,Arizona Diamondbacks,Chicago Cubs,12-9,2.0,14-9,6.0,1,2,0,4,0,0,0,0,0,0,0,0,0,0,0,0,1,0,1.0
2025-04-19,Washington Nationals,Colorado Rockies,8-12,12.0,3-16,11.0,0,0,2,2,0,0,5,0,2,0,0,0,3,8,0,0,0,1,0.0
2025-04-19,Kansas City Royals,Detroit Tigers,8-14,1.0,13-8,3.0,0,0,0,0,0,0,0,0,0,3,0,0,1,0,0,0,0,0,0.0
2025-04-19,San Diego Padres,Houston Astros,15-6,2.0,10-10,3.0,0,0,0,0,1,0,0,0,1,0,0,2,0,1,0,0,0,0,0.0
2025-04-19,San Francisco Giants,Los Angeles Angels,14-7,3.0,10-10,2.0,2,0,0,0,1,0,0,1,0,0,0,1,0,0,0,0,0,0,1.0
2025-04-19,Athletics,Milwaukee Brewers,10-11,3.0,11-10,1.0,0,0,0,0,0,1,0,0,1,0,1,0,0,0,0,0,1,0,0.0
2025-04-19,St. Louis Cardinals,New York Mets,9-12,0.0,14-7,3.0,0,0,0,0,0,2,0,0,0,0,0,0,0,0,0,1,0,0,0.0
2025-04-19,Miami Marlins,Philadelphia Phillies,8-12,10.0,13-8,11.0,0,0,0,0,0,4,1,3,0,2,3,0,0,2,0,0,6,0,0.0
2025-04-19,Cleveland Guardians,Pittsburgh Pirates,11-9,3.0,8-14,0.0,0,0,0,0,1,0,0,0,0,0,0,0,1,0,1,0,0,0,0.0
2025-04-19,New York Yankees,Tampa Bay Rays,13-8,8.0,9-12,10.0,2,0,1,0,0,1,3,3,0,0,0,0,0,0,0,0,2,4,1.0
2025-04-19,Los Angeles Dodgers,Texas Rangers,15-7,3.0,13-8,4.0,0,0,0,0,0,2,3,0,0,0,0,0,0,0,0,0,0,2,0.0
2025-04-19,Seattle Mariners,Toronto Blue Jays,11-10,8.0,12-9,4.0,0,1,0,0,0,0,0,0,2,1,0,1,1,0,0,0,0,0,1.0
2025-04-20,Minnesota Twins,Atlanta Braves,7-15,2.0,8-13,6.0,0,2,0,1,0,2,1,0,0,1,0,0,1,0,0,0,0,0,1.0
2025-04-20,Cincinnati Reds,Baltimore Orioles,11-11,24.0,9-12,2.0,0,0,1,1,7,0,2,0,2,0,0,0,3,0,5,1,4,0,0.0
2025-04-20,Chicago White Sox,Boston Red Sox,5-16,8.0,12-11,4.0,2,3,0,1,0,0,0,0,0,0,0,0,3,0,2,0,1,0,1.0
2025-04-20,Arizona Diamondbacks,Chicago Cubs,13-9,3.0,14-10,2.0,0,1,0,0,0,0,1,0,0,0,0,0,0,0,0,0,0,0,1.0
2025-04-20,Washington Nationals,Colorado Rockies,9-12,3.0,3-17,2.0,0,0,3,0,0,1,0,0,0,0,0,1,0,0,0,0,0,0,0.0
2025-04-20,Washington Nationals,Colorado Rockies,9-13,1.0,4-17,3.0,1,0,0,0,0,0,0,2,0,0,0,0,0,0,0,1,0,0,1.0
2025-04-20,Kansas City Royals,Detroit Tigers,9-14,4.0,13-9,3.0,0,0,2,0,0,0,0,0,0,2,0,0,0,1,1,0,0,0,0.0
2025-04-20,San Diego Padres,Houston Astros,16-6,3.0,10-11,2.0,1,0,0,0,1,0,0,0,0,2,0,0,1,0,0,0,0,0,1.0
2025-04-20,San Francisco Giants,Los Angeles Angels,14-8,4.0,11-10,5.0,0,0,0,0,0,0,0,0,1,1,2,0,0,0,1,0,0,4,0.0
2025-04-20,Athletics,Milwaukee Brewers,10-12,1.0,12-10,14.0,0,4,0,1,0,1,0,2,1,0,0,1,0,5,0,0,0,0,1.0
2025-04-20,St. Louis Cardinals,New York Mets,9-13,4.0,15-7,7.0,0,1,0,0,0,1,0,0,0,1,1,0,2,1,0,3,1,0,1.0
2025-04-20,Miami Marlins,Philadelphia Phillies,9-12,7.0,13-9,5.0,0,3,1,0,0,0,0,1,0,0,0,0,1,0,3,1,0,0,1.0
2025-04-20,Cleveland Guardians,Pittsburgh Pirates,12-9,5.0,8-15,4.0,0,0,0,0,2,0,0,0,0,0,0,1,2,0,0,0,0,3,0.0
2025-04-20,New York Yankees,Tampa Bay Rays,14-8,4.0,9-13,0.0,1,0,0,0,1,0,0,0,0,0,1,0,0,0,0,0,1,0,1.0
2025-04-20,Los Angeles Dodgers,Texas Rangers,16-7,1.0,13-9,0.0,0,0,0,0,0,0,0,0,0,0,0,0,0,0,1,0,0,0,0.0
2025-04-20,Seattle Mariners,Toronto Blue Jays,12-10,8.0,12-10,3.0,3,0,3,2,0,1,0,0,0,0,0,0,2,0,0,0,0,0,1.0
2025-04-21,St. Louis Cardinals,Atlanta Braves,9-14,6.0,9-13,7.0,0,0,2,0,0,2,0,0,0,0,1,0,0,0,0,5,3,0,0.0
2025-04-21,Chicago White Sox,Boston Red Sox,5-17,2.0,13-11,4.0,1,0,0,1,0,3,0,0,0,0,0,0,0,0,1,0,0,0,1.0
2025-04-21,New York Yankees,Cleveland Guardians,14-9,4.0,13-9,6.0,0,0,0,0,0,4,0,1,0,0,0,1,2,0,2,0,0,0,0.0
2025-04-21,San Diego Padres,Detroit Tigers,16-7,4.0,14-9,6.0,1,2,1,2,0,2,0,0,2,0,0,0,0,0,0,0,0,0,1.0
2025-04-21,Toronto Blue Jays,Houston Astros,12-11,0.0,11-11,7.0,0,0,0,0,0,0,0,0,0,4,0,0,0,1,0,2,0,0,0.0
2025-04-21,Cincinnati Reds,Miami Marlins,11-12,3.0,10-12,6.0,0,0,0,2,0,0,0,0,0,1,0,0,0,3,3,0,0,0,0.0
2025-04-21,Philadelphia Phillies,New York Mets,13-10,4.0,16-7,5.0,0,1,0,1,0,0,0,0,0,0,0,0,0,3,0,0,4,0,1.0
2025-04-21,Milwaukee Brewers,San Francisco Giants,12-11,2.0,15-8,5.0,0,0,2,1,0,0,0,0,0,1,0,1,0,1,0,1,0,0,0.0
2025-04-22,Tampa Bay Rays,Arizona Diamondbacks,9-14,1.0,14-9,5.0,0,0,1,0,0,2,0,0,0,1,0,0,0,0,0,2,0,0,0.0
2025-04-22,Texas Rangers,Athletics,14-9,8.0,10-13,5.0,2,0,0,1,1,1,0,0,4,0,1,0,0,1,0,2,0,0,1.0
2025-04-22,St. Louis Cardinals,Atlanta Braves,10-14,10.0,9-14,4.0,0,0,0,0,2,0,0,3,0,1,2,0,0,0,3,0,3,0,0.0
2025-04-22,Seattle Mariners,Boston Red Sox,12-11,3.0,14-11,8.0,1,1,0,0,0,1,0,0,0,2,2,0,0,4,0,0,0,0,1.0
2025-04-22,Los Angeles Dodgers,Chicago Cubs,16-8,10.0,15-10,11.0,3,5,1,0,0,0,0,0,0,2,1,0,5,0,0,2,0,1,1.0
2025-04-22,New York Yankees,Cleveland Guardians,14-10,2.0,14-9,3.0,1,0,0,0,0,0,0,0,0,0,1,3,0,0,0,0,0,0,1.0
2025-04-22,San Diego Padres,Detroit Tigers,17-7,2.0,14-10,0.0,0,0,2,0,0,0,0,0,0,0,0,0,0,0,0,0,0,0,0.0
2025-04-22,Toronto Blue Jays,Houston Astros,12-12,1.0,12-11,5.0,0,3,0,0,1,0,0,0,0,0,0,1,0,1,0,0,0,0,1.0
2025-04-22,Colorado Rockies,Kansas City Royals,4-18,3.0,10-14,4.0,0,0,0,0,0,0,0,0,0,0,0,1,0,0,0,1,3,1,0.0
2025-04-22,Pittsburgh Pirates,Los Angeles Angels,9-15,9.0,11-11,3.0,0,0,0,0,2,1,3,2,1,0,0,0,0,0,0,0,3,0,0.0
2025-04-22,Cincinnati Reds,Miami Marlins,11-13,3.0,11-12,4.0,0,1,0,0,1,0,0,0,1,0,1,1,0,2,0,0,0,0,1.0
2025-04-22,Chicago White Sox,Minnesota Twins,5-18,2.0,8-15,4.0,0,0,1,1,0,1,0,0,0,0,0,0,0,0,0,2,1,0,0.0
2025-04-22,Philadelphia Phillies,New York Mets,13-11,1.0,17-7,5.0,0,1,1,1,0,0,0,0,0,0,0,0,0,3,0,0,0,0,1.0
2025-04-22,Milwaukee Brewers,San Francisco Giants,13-11,11.0,15-9,3.0,0,0,0,0,3,1,0,0,0,0,8,0,0,1,0,1,0,0,0.0
2025-04-22,Baltimore Orioles,Washington Nationals,9-13,0.0,10-13,7.0,0,2,0,1,0,0,0,0,0,2,0,1,0,1,0,0,0,0,1.0
2025-04-23,Tampa Bay Rays,Arizona Diamondbacks,10-14,7.0,14-10,6.0,0,1,2,1,0,0,0,1,0,0,0,0,2,2,1,0,0,0,1.0
2025-04-23,Texas Rangers,Athletics,14-10,2.0,11-13,5.0,0,4,0,1,0,0,1,0,0,0,1,0,0,0,0,0,0,0,1.0
2025-04-23,St. Louis Cardinals,Atlanta Braves,10-15,1.0,10-14,4.0,1,0,0,0,0,0,0,0,0,0,0,0,0,1,0,3,0,0,1.0
2025-04-23,Seattle Mariners,Boston Red Sox,13-11,8.0,14-12,5.0,1,0,0,0,0,0,3,1,0,1,2,0,2,0,0,3,0,0,1.0
2025-04-23,Los Angeles Dodgers,Chicago Cubs,16-9,6.0,16-10,7.0,0,0,0,0,2,0,0,3,3,4,1,0,0,0,0,0,0,0,0.0
2025-04-23,New York Yankees,Cleveland Guardians,15-10,5.0,14-10,1.0,2,1,2,0,0,0,0,0,0,0,0,0,1,0,0,0,0,0,1.0
2025-04-23,San Diego Padres,Detroit Tigers,17-8,0.0,15-10,6.0,0,1,0,0,0,0,0,0,0,1,0,0,0,2,0,2,0,0,1.0
2025-04-23,Toronto Blue Jays,Houston Astros,12-13,1.0,13-11,3.0,0,0,0,3,0,0,1,0,0,0,0,0,0,0,0,0,0,0,0.0
2025-04-23,Colorado Rockies,Kansas City Royals,4-22,,14-14,,,,,,,,,,,,,,,,,,,,
2025-04-23,Pittsburgh Pirates,Los Angeles Angels,10-15,3.0,11-12,0.0,0,0,0,0,1,0,0,0,1,0,0,0,0,0,0,0,1,0,0.0
2025-04-23,Cincinnati Reds,Miami Marlins,12-13,5.0,11-13,2.0,1,2,0,0,1,0,0,0,1,0,0,0,0,0,1,0,1,0,1.0
2025-04-23,Chicago White Sox,Minnesota Twins,5-19,3.0,9-15,6.0,0,0,0,0,0,1,0,1,3,1,0,1,0,2,0,0,0,0,0.0
2025-04-23,Philadelphia Phillies,New York Mets,13-12,3.0,18-7,4.0,0,0,0,2,0,0,2,0,0,0,0,0,0,0,0,0,0,0,0.0
2025-04-23,Milwaukee Brewers,San Francisco Giants,13-12,2.0,16-9,4.0,0,0,0,0,0,0,0,0,0,0,0,4,0,0,0,0,2,0,0.0
2025-04-23,Baltimore Orioles,Washington Nationals,9-14,3.0,11-13,4.0,0,3,0,0,1,0,0,0,0,0,0,0,1,0,1,1,0,0,1.0
2025-04-24,Tampa Bay Rays,Arizona Diamondbacks,11-14,7.0,14-11,4.0,0,1,0,2,0,0,0,0,1,1,2,0,0,0,0,0,1,0,1.0
2025-04-24,Texas Rangers,Athletics,14-11,3.0,12-13,4.0,0,0,0,0,0,2,3,0,0,0,0,0,0,0,0,0,0,2,0.0
2025-04-24,Seattle Mariners,Boston Red Sox,14-11,4.0,14-13,3.0,2,1,2,0,0,1,0,0,0,0,0,0,0,0,0,1,0,0,1.0
2025-04-24,Colorado Rockies,Kansas City Royals,4-19,4.0,11-14,7.0,1,2,1,0,2,2,0,0,0,2,0,0,0,1,0,0,0,0,1.0
2025-04-24,Colorado Rockies,Kansas City Royals,4-20,2.0,12-14,6.0,0,0,0,1,0,1,0,0,0,3,1,0,0,0,1,1,0,0,0.0
2025-04-24,Pittsburgh Pirates,Los Angeles Angels,10-16,3.0,12-12,4.0,2,0,1,0,0,0,0,3,0,0,0,0,0,0,0,1,0,0,1.0
2025-04-24,Chicago White Sox,Minnesota Twins,6-19,3.0,9-16,0.0,0,0,1,0,0,0,1,0,0,0,1,0,0,0,0,0,0,0,0.0
2025-04-24,Milwaukee Brewers,San Francisco Giants,13-13,5.0,17-9,6.0,1,1,1,0,0,1,3,0,0,2,0,0,0,0,0,2,0,0,1.0
2025-04-24,Baltimore Orioles,Washington Nationals,10-14,2.0,11-14,1.0,0,0,0,1,0,0,0,0,2,0,0,0,0,0,0,0,0,0,0.0
2025-04-25,Atlanta Braves,Arizona Diamondbacks,11-14,8.0,14-12,2.0,0,0,3,0,0,0,0,1,0,0,2,0,0,0,3,1,0,0,0.0
2025-04-25,Chicago White Sox,Athletics,6-20,5.0,13-13,6.0,0,0,0,0,0,0,0,0,1,1,2,2,0,2,0,1,2,0,0.0
2025-04-25,Philadelphia Phillies,Chicago Cubs,13-13,0.0,17-10,4.0,0,0,0,1,0,1,0,1,0,0,0,0,0,1,0,0,0,0,0.0
2025-04-25,Boston Red Sox,Cleveland Guardians,15-14,,15-11,,,,,,,,,,,,,,,,,,,,
2025-04-25,Cincinnati Reds,Colorado Rockies,13-13,8.0,4-21,7.0,1,0,0,1,3,3,0,0,2,2,0,0,2,0,0,1,0,0,1.0
2025-04-25,Baltimore Orioles,Detroit Tigers,10-16,,17-10,,,,,,,,,,,,,,,,,,,,
2025-04-25,Houston Astros,Kansas City Royals,13-12,0.0,13-14,2.0,0,0,0,0,0,0,0,0,0,1,0,1,0,0,0,0,0,0,0.0
2025-04-25,Pittsburgh Pirates,Los Angeles Dodgers,11-16,3.0,16-10,0.0,1,0,0,0,0,0,0,0,2,0,0,0,0,0,0,0,0,0,1.0
2025-04-25,Los Angeles Angels,Minnesota Twins,12-13,4.0,10-16,11.0,0,1,1,0,0,2,0,6,1,0,1,2,1,0,0,0,0,0,1.0
2025-04-25,Toronto Blue Jays,New York Yankees,13-13,4.0,15-11,2.0,0,0,0,0,0,0,0,0,0,0,1,0,0,1,0,1,3,0,0.0
2025-04-25,Tampa Bay Rays,San Diego Padres,12-14,1.0,17-9,0.0,0,0,0,0,1,0,0,0,0,0,0,0,0,0,0,0,0,0,0.0
2025-04-25,Texas Rangers,San Francisco Giants,15-11,2.0,17-10,0.0,0,0,0,0,1,0,0,0,0,0,1,0,0,0,0,0,0,0,0.0
2025-04-25,Miami Marlins,Seattle Mariners,12-13,8.0,14-12,4.0,0,0,0,1,0,0,0,0,6,0,0,3,0,0,2,0,0,0,0.0
2025-04-25,Milwaukee Brewers,St. Louis Cardinals,13-14,2.0,11-15,3.0,0,0,0,0,0,0,0,1,0,2,1,0,1,0,0,0,0,0,0.0
2025-04-25,New York Mets,Washington Nationals,18-8,4.0,12-14,5.0,0,0,0,1,0,1,0,0,0,0,0,0,0,1,4,0,0,2,0.0
2025-04-26,Atlanta Braves,Arizona Diamondbacks,12-14,8.0,14-13,7.0,1,0,1,1,0,0,0,4,0,0,0,1,2,0,3,0,0,1,1.0
2025-04-26,Chicago White Sox,Athletics,7-20,10.0,13-14,3.0,4,0,2,0,0,0,0,1,0,0,1,0,3,1,0,0,0,1,1.0
2025-04-26,Philadelphia Phillies,Chicago Cubs,14-13,10.0,17-11,4.0,0,0,0,0,0,0,6,0,0,2,3,0,1,2,0,0,0,0,0.0
2025-04-26,Boston Red Sox,Cleveland Guardians,14-14,4.0,15-10,5.0,3,4,0,0,1,0,0,0,0,0,0,1,0,0,0,0,0,0,1.0
2025-04-26,Boston Red Sox,Cleveland Guardians,15-14,7.0,15-11,3.0,1,0,3,0,2,0,0,3,0,0,1,0,0,0,0,0,0,0,1.0
2025-04-26,Cincinnati Reds,Colorado Rockies,14-13,6.0,4-22,4.0,0,0,2,2,0,0,1,0,0,1,1,0,0,0,0,0,2,1,0.0
2025-04-26,Baltimore Orioles,Detroit Tigers,10-15,3.0,16-10,4.0,0,0,0,2,0,0,1,0,0,1,0,0,1,1,1,0,0,0,0.0
2025-04-26,Baltimore Orioles,Detroit Tigers,10-16,2.0,17-10,6.0,0,0,0,0,1,3,0,0,0,0,1,0,0,3,0,0,0,0,0.0
2025-04-26,Houston Astros,Kansas City Royals,13-13,0.0,14-14,2.0,0,1,0,0,0,0,0,0,0,1,0,0,0,0,0,0,0,0,1.0
2025-04-26,Pittsburgh Pirates,Los Angeles Dodgers,11-17,4.0,17-10,8.0,1,2,0,0,0,0,0,0,2,1,0,0,1,1,0,4,0,0,1.0
2025-04-26,Los Angeles Angels,Minnesota Twins,12-14,1.0,11-16,5.0,0,3,0,1,1,0,0,0,0,0,0,1,0,0,0,0,0,0,1.0
2025-04-26,Toronto Blue Jays,New York Yankees,13-14,,16-11,,,,,,,,,,,,,,,,,,,,
2025-04-26,Tampa Bay Rays,San Diego Padres,13-14,4.0,17-10,1.0,0,0,0,0,2,0,0,0,1,0,0,1,0,0,0,0,1,0,0.0
2025-04-26,Texas Rangers,San Francisco Giants,15-12,2.0,18-10,3.0,1,0,0,0,1,0,0,0,0,2,0,0,0,0,0,0,0,1,1.0
2025-04-26,Miami Marlins,Seattle Mariners,12-14,0.0,15-12,14.0,0,6,0,1,0,0,0,3,0,0,0,1,0,2,0,1,0,0,1.0
2025-04-26,Milwaukee Brewers,St. Louis Cardinals,13-15,5.0,12-15,6.0,0,0,0,1,0,2,0,2,2,0,1,0,0,0,0,0,2,1,0.0
2025-04-26,New York Mets,Washington Nationals,19-8,2.0,12-15,0.0,0,0,2,0,0,0,0,0,0,0,0,0,0,0,0,0,0,0,0.0
2025-04-27,Atlanta Braves,Arizona Diamondbacks,12-15,4.0,15-13,6.0,0,1,0,1,0,0,0,1,1,1,0,0,2,2,0,0,1,0,1.0
2025-04-27,Chicago White Sox,Athletics,7-21,2.0,14-14,3.0,1,1,0,0,0,0,0,0,0,0,0,0,0,0,0,0,0,0,1.0
2025-04-27,Philadelphia Phillies,Chicago Cubs,15-13,3.0,17-12,1.0,0,0,0,1,1,0,0,0,0,0,0,0,0,0,0,0,0,0,0.0
2025-04-27,Boston Red Sox,Cleveland Guardians,16-14,13.0,15-12,3.0,0,0,2,0,0,0,1,0,5,0,1,3,3,0,0,0,1,0,0.0
2025-04-27,Cincinnati Reds,Colorado Rockies,15-13,8.0,4-23,1.0,3,0,0,0,0,0,0,0,4,0,0,0,0,0,0,1,1,0,1.0
2025-04-27,Baltimore Orioles,Detroit Tigers,10-17,0.0,18-10,7.0,0,0,0,2,0,0,0,0,0,1,0,2,0,2,0,0,0,0,0.0
2025-04-27,Houston Astros,Kansas City Royals,14-13,7.0,14-15,3.0,0,0,0,0,3,0,0,0,1,1,2,0,1,1,0,0,0,1,0.0
2025-04-27,Pittsburgh Pirates,Los Angeles Dodgers,11-18,2.0,18-10,9.0,2,4,0,1,0,0,0,0,0,3,0,1,0,0,0,0,0,0,1.0
2025-04-27,Los Angeles Angels,Minnesota Twins,12-15,0.0,12-16,5.0,0,1,0,0,0,0,0,0,0,0,0,3,0,1,0,0,0,0,1.0
2025-04-27,Toronto Blue Jays,New York Yankees,13-14,2.0,16-11,11.0,1,0,0,0,0,6,0,0,0,3,0,1,0,0,0,1,1,0,1.0
2025-04-27,Toronto Blue Jays,New York Yankees,13-15,1.0,17-11,5.0,0,1,0,0,1,0,0,0,0,0,0,3,0,0,0,1,0,0,1.0
2025-04-27,Tampa Bay Rays,San Diego Padres,14-14,4.0,17-11,2.0,0,0,0,1,2,1,0,0,1,0,0,0,0,0,0,0,1,0,0.0
2025-04-27,Texas Rangers,San Francisco Giants,15-13,2.0,19-10,3.0,2,1,0,0,0,0,0,1,0,0,0,0,0,0,0,0,0,1,1.0
2025-04-27,Miami Marlins,Seattle Mariners,12-15,6.0,16-12,7.0,1,1,0,3,0,0,0,1,1,2,1,0,0,0,3,0,0,0,1.0
2025-04-27,Milwaukee Brewers,St. Louis Cardinals,14-15,7.0,12-16,1.0,3,0,0,0,0,0,4,0,0,1,0,0,0,0,0,0,0,0,1.0
2025-04-27,New York Mets,Washington Nationals,19-9,7.0,13-15,8.0,5,0,1,1,0,0,0,0,1,0,0,0,0,5,0,0,0,2,1.0
2025-04-28,New York Yankees,Baltimore Orioles,17-12,3.0,11-17,4.0,0,0,0,1,0,3,0,0,0,0,0,0,1,0,2,0,0,0,0.0
2025-04-28,St. Louis Cardinals,Cincinnati Reds,12-17,1.0,16-13,3.0,1,0,0,0,0,1,0,1,0,0,0,1,0,0,0,0,0,0,1.0
2025-04-28,Minnesota Twins,Cleveland Guardians,13-16,11.0,15-13,1.0,2,0,2,0,0,0,0,0,2,1,3,0,0,0,2,0,0,0,1.0
2025-04-28,Atlanta Braves,Colorado Rockies,13-15,6.0,4-24,3.0,0,3,0,0,2,0,1,0,2,0,0,0,1,0,0,0,0,0,1.0
2025-04-28,Detroit Tigers,Houston Astros,18-11,5.0,15-13,8.0,0,0,0,0,2,0,1,2,0,0,0,2,0,4,2,0,0,0,0.0
2025-04-28,Miami Marlins,Los Angeles Dodgers,12-16,6.0,19-10,7.0,0,1,0,0,0,1,0,1,0,2,5,0,0,0,0,0,0,0,1.0
2025-04-28,Athletics,Texas Rangers,15-14,2.0,15-14,1.0,0,0,0,0,0,0,0,0,2,0,0,1,0,0,0,0,0,0,0.0
2025-04-28,New York Mets,Washington Nationals,20-9,19.0,13-16,5.0,0,0,2,0,0,0,0,0,1,0,3,0,5,0,4,5,4,0,0.0
2025-04-29,New York Yankees,Baltimore Orioles,18-12,15.0,11-18,3.0,5,0,1,0,0,0,3,0,3,0,0,1,1,1,1,0,1,1,1.0
2025-04-29,Milwaukee Brewers,Chicago White Sox,15-15,7.0,7-22,2.0,1,2,0,0,0,0,0,0,0,0,4,0,0,0,2,0,0,0,1.0
2025-04-29,St. Louis Cardinals,Cincinnati Reds,12-17,,16-13,,,,,,,,,,,,,,,,,,,,
2025-04-29,Minnesota Twins,Cleveland Guardians,13-17,1.0,16-13,2.0,0,0,0,0,0,1,0,0,1,0,0,0,0,0,0,0,0,1,0.0
2025-04-29,Atlanta Braves,Colorado Rockies,14-15,8.0,4-25,2.0,0,0,2,1,0,0,3,0,1,0,1,1,0,0,1,0,0,0,0.0
2025-04-29,Detroit Tigers,Houston Astros,18-12,4.0,16-13,6.0,1,0,0,0,0,0,0,0,1,0,0,3,0,3,0,0,2,0,1.0
2025-04-29,Miami Marlins,Los Angeles Dodgers,12-17,2.0,20-10,15.0,1,3,0,1,0,3,0,0,0,0,0,4,1,1,0,3,0,0,1.0
2025-04-29,Arizona Diamondbacks,New York Mets,15-14,3.0,21-9,8.0,0,0,0,4,0,3,0,1,1,0,0,0,0,0,1,0,1,0,0.0
2025-04-29,Washington Nationals,Philadelphia Phillies,13-17,6.0,16-13,7.0,0,2,0,0,0,1,0,0,0,0,1,0,1,0,0,2,4,2,1.0
2025-04-29,Chicago Cubs,Pittsburgh Pirates,18-12,9.0,11-19,0.0,0,0,0,0,0,0,2,0,2,0,0,0,3,0,1,0,1,0,0.0
2025-04-29,San Francisco Giants,San Diego Padres,19-11,4.0,18-11,7.0,0,3,0,0,0,0,1,2,0,0,3,0,0,2,0,0,0,0,1.0
2025-04-29,Los Angeles Angels,Seattle Mariners,12-16,3.0,17-12,5.0,0,0,0,3,0,0,0,0,0,0,0,0,1,2,2,0,0,0,0.0
2025-04-29,Kansas City Royals,Tampa Bay Rays,15-15,3.0,14-15,1.0,1,0,1,0,0,0,0,1,0,0,0,0,0,0,0,0,1,0,1.0
2025-04-29,Athletics,Texas Rangers,15-15,2.0,16-14,15.0,0,0,0,1,0,2,0,1,0,0,0,8,2,0,0,3,0,0,0.0
2025-04-29,Boston Red Sox,Toronto Blue Jays,17-14,10.0,13-16,2.0,2,0,1,0,4,2,0,0,0,0,0,0,0,0,1,0,2,0,1.0
2025-04-30,New York Yankees,Baltimore Orioles,18-13,4.0,12-18,5.0,2,0,0,4,0,0,0,0,1,1,0,0,1,0,0,0,0,0,1.0
2025-04-30,Milwaukee Brewers,Chicago White Sox,16-15,6.0,7-23,4.0,2,0,0,2,0,0,1,0,0,1,0,0,0,0,3,1,0,0,1.0
2025-04-30,St. Louis Cardinals,Cincinnati Reds,13-17,6.0,16-14,0.0,1,0,0,0,0,0,0,0,0,0,0,0,0,0,0,0,5,0,1.0
2025-04-30,St. Louis Cardinals,Cincinnati Reds,14-17,9.0,16-15,1.0,3,0,1,0,5,0,0,0,0,0,0,1,0,0,0,0,0,0,1.0
2025-04-30,Minnesota Twins,Cleveland Guardians,13-18,2.0,17-13,4.0,0,0,0,0,0,0,0,0,0,0,0,0,0,4,1,0,1,0,0.0
2025-04-30,Atlanta Braves,Colorado Rockies,14-16,1.0,5-25,2.0,0,0,0,1,1,1,0,0,0,0,0,0,0,0,0,0,0,0,0.0
2025-04-30,Detroit Tigers,Houston Astros,19-12,7.0,16-14,4.0,0,1,2,0,5,0,0,0,0,2,0,0,0,1,0,0,0,0,1.0
2025-04-30,Miami Marlins,Los Angeles Dodgers,12-18,7.0,21-10,12.0,0,0,0,1,0,3,2,0,0,0,1,4,0,1,0,3,4,0,0.0
2025-04-30,Arizona Diamondbacks,New York Mets,16-14,4.0,21-10,3.0,0,0,0,0,0,1,0,0,0,0,0,0,2,0,0,0,2,2,0.0
2025-04-30,Washington Nationals,Philadelphia Phillies,13-18,2.0,17-13,7.0,0,3,0,0,1,0,0,1,1,1,0,1,0,0,0,1,0,0,1.0
2025-04-30,Chicago Cubs,Pittsburgh Pirates,18-13,3.0,12-19,4.0,0,1,0,0,0,0,0,1,3,0,0,0,0,2,0,0,0,0,1.0
2025-04-30,San Francisco Giants,San Diego Padres,19-12,3.0,19-11,5.0,0,0,0,1,0,1,0,0,0,2,1,1,1,0,1,0,0,0,0.0
2025-04-30,Los Angeles Angels,Seattle Mariners,12-17,3.0,18-12,9.0,1,0,0,2,1,1,1,0,0,0,0,0,0,6,0,0,0,0,1.0
2025-04-30,Kansas City Royals,Tampa Bay Rays,16-15,3.0,14-16,0.0,2,0,0,0,0,0,0,0,1,0,0,0,0,0,0,0,0,0,1.0
2025-04-30,Athletics,Texas Rangers,16-15,7.0,16-15,1.0,0,0,0,0,1,0,0,1,0,0,0,0,0,0,0,0,6,0,0.0
2025-04-30,Boston Red Sox,Toronto Blue Jays,17-15,6.0,14-16,7.0,2,0,2,0,0,0,0,0,0,0,2,3,0,3,0,0,0,0,1.0
2025-05-01,Milwaukee Brewers,Chicago White Sox,16-16,0.0,8-23,8.0,0,1,0,0,0,0,0,0,0,0,0,3,0,4,0,0,0,0,1.0
2025-05-01,St. Louis Cardinals,Cincinnati Reds,14-18,1.0,17-15,9.0,0,0,0,2,1,0,0,2,0,0,0,1,0,3,0,1,0,0,0.0
2025-05-01,Minnesota Twins,Cleveland Guardians,13-19,3.0,18-13,4.0,0,1,0,0,0,0,0,1,0,0,0,0,2,0,0,0,0,0,1.0
2025-05-01,Detroit Tigers,Los Angeles Angels,20-12,10.0,12-18,4.0,0,0,0,1,2,2,0,1,0,0,0,0,0,0,5,0,3,0,0.0
2025-05-01,Arizona Diamondbacks,New York Mets,17-14,4.0,21-11,2.0,0,0,0,0,0,0,1,0,1,0,0,1,1,0,0,1,1,0,0.0
2025-05-01,Washington Nationals,Philadelphia Phillies,14-18,4.0,17-14,2.0,0,0,0,0,0,0,0,0,0,1,4,1,0,0,0,0,0,0,0.0
2025-05-01,Chicago Cubs,Pittsburgh Pirates,19-13,8.0,12-20,3.0,0,1,0,0,0,1,0,0,3,0,0,0,2,0,0,1,3,0,1.0
2025-05-01,Colorado Rockies,San Francisco Giants,6-25,4.0,19-13,3.0,0,1,0,0,1,0,0,0,0,0,0,2,1,0,2,0,0,0,1.0
2025-05-01,Kansas City Royals,Tampa Bay Rays,17-15,8.0,14-17,2.0,0,1,0,0,0,0,1,0,3,0,3,1,0,0,1,0,0,0,1.0
2025-05-01,Athletics,Texas Rangers,17-15,3.0,16-16,0.0,1,0,0,0,0,0,0,0,0,0,0,0,1,0,1,0,0,0,1.0
2025-05-01,Boston Red Sox,Toronto Blue Jays,17-16,2.0,15-16,4.0,0,0,0,0,0,0,0,0,2,0,0,0,0,1,0,3,0,0,0.0
2025-05-02,Los Angeles Dodgers,Atlanta Braves,22-10,2.0,14-17,1.0,0,0,0,0,0,0,1,0,0,0,1,0,0,1,0,0,0,0,0.0
2025-05-02,Kansas City Royals,Baltimore Orioles,17-16,0.0,13-18,3.0,0,0,0,0,0,0,0,0,0,0,0,0,0,3,0,0,0,0,0.0
2025-05-02,Minnesota Twins,Boston Red Sox,13-20,1.0,18-16,6.0,0,1,0,0,1,0,0,0,0,0,0,0,0,2,0,3,0,0,1.0
2025-05-02,Houston Astros,Chicago White Sox,16-15,3.0,9-23,7.0,0,1,0,1,0,0,1,0,0,2,1,0,0,0,1,3,0,0,1.0
2025-05-02,Washington Nationals,Cincinnati Reds,14-19,1.0,18-15,6.0,0,2,0,1,0,2,0,0,1,0,0,1,0,0,0,0,0,0,1.0
2025-05-02,Detroit Tigers,Los Angeles Angels,21-12,9.0,12-19,1.0,0,1,0,0,0,0,0,0,0,0,0,0,1,0,0,0,8,0,1.0
2025-05-02,Athletics,Miami Marlins,18-15,6.0,12-19,1.0,0,0,2,0,1,0,0,0,3,0,0,1,0,0,0,0,0,0,0.0
2025-05-02,Chicago Cubs,Milwaukee Brewers,20-13,10.0,16-17,0.0,2,0,7,0,0,0,0,0,0,0,0,0,1,0,0,0,0,0,1.0
2025-05-02,Tampa Bay Rays,New York Yankees,14-18,0.0,19-13,3.0,0,0,0,0,0,0,0,0,0,3,0,0,0,0,0,0,0,0,0.0
2025-05-02,Arizona Diamondbacks,Philadelphia Phillies,17-15,2.0,18-14,3.0,0,1,0,0,0,0,1,0,0,0,1,0,0,2,0,0,0,0,1.0
2025-05-02,San Diego Padres,Pittsburgh Pirates,20-11,9.0,12-21,4.0,0,0,0,0,0,1,2,1,3,1,0,1,0,0,3,0,1,0,0.0
2025-05-02,Colorado Rockies,San Francisco Giants,6-26,0.0,20-13,4.0,0,0,0,3,0,1,0,0,0,0,0,0,0,0,0,0,0,0,0.0
2025-05-02,New York Mets,St. Louis Cardinals,22-11,9.0,14-19,3.0,0,1,2,0,0,2,0,0,4,0,0,0,2,0,0,0,1,0,1.0
2025-05-02,Seattle Mariners,Texas Rangers,19-12,13.0,16-17,1.0,0,0,0,0,0,0,1,0,7,0,2,0,0,0,0,0,3,1,0.0
2025-05-02,Cleveland Guardians,Toronto Blue Jays,18-14,3.0,16-16,5.0,0,0,1,0,0,2,1,0,0,1,1,0,0,0,0,2,0,0,0.0
2025-05-03,Los Angeles Dodgers,Atlanta Braves,23-10,10.0,14-18,3.0,0,0,1,1,2,0,4,2,0,0,0,0,0,0,3,0,0,0,0.0
2025-05-03,Kansas City Royals,Baltimore Orioles,18-16,4.0,13-19,0.0,0,0,0,0,0,0,1,0,1,0,0,0,0,0,2,0,0,0,0.0
2025-05-03,Minnesota Twins,Boston Red Sox,14-20,4.0,18-17,3.0,0,0,0,0,0,1,1,0,0,0,3,0,0,2,0,0,0,0,0.0
2025-05-03,Houston Astros,Chicago White Sox,17-15,8.0,9-24,3.0,0,3,0,0,1,0,2,0,0,0,3,0,0,0,2,0,0,0,1.0
2025-05-03,Washington Nationals,Cincinnati Reds,15-19,11.0,18-16,6.0,2,2,0,1,0,0,1,0,0,0,4,1,1,0,2,1,1,1,1.0
2025-05-03,Detroit Tigers,Los Angeles Angels,21-13,2.0,13-19,5.0,0,0,0,1,0,0,0,0,0,0,0,4,0,0,1,0,1,0,0.0
2025-05-03,Athletics,Miami Marlins,18-16,6.0,13-19,9.0,1,0,1,0,0,2,2,0,0,2,1,0,0,0,1,0,0,5,1.0
2025-05-03,Chicago Cubs,Milwaukee Brewers,21-13,6.0,16-18,2.0,1,0,0,0,0,1,4,1,1,0,0,0,0,0,0,0,0,0,1.0
2025-05-03,Tampa Bay Rays,New York Yankees,15-18,3.0,19-14,2.0,0,1,1,0,0,0,0,0,0,1,0,0,0,0,2,0,0,0,1.0
2025-05-03,Arizona Diamondbacks,Philadelphia Phillies,17-16,2.0,19-14,7.0,0,0,0,3,0,3,0,1,0,0,0,0,2,0,0,0,0,0,0.0
2025-05-03,San Diego Padres,Pittsburgh Pirates,21-11,2.0,12-22,1.0,0,0,0,1,0,0,0,0,0,0,0,0,1,0,0,0,1,0,0.0
2025-05-03,Colorado Rockies,San Francisco Giants,6-27,3.0,21-13,6.0,0,0,0,0,0,1,0,0,0,0,3,5,0,0,0,0,0,0,0.0
2025-05-03,New York Mets,St. Louis Cardinals,22-11,,14-19,,,,,,,,,,,,,,,,,,,,
2025-05-03,Seattle Mariners,Texas Rangers,20-12,2.0,16-18,1.0,1,0,0,0,0,0,0,1,0,0,0,0,0,0,0,0,1,0,1.0
2025-05-03,Cleveland Guardians,Toronto Blue Jays,19-14,5.0,16-17,3.0,0,1,0,0,0,1,0,0,0,1,0,0,0,0,1,0,4,0,1.0
2025-05-04,Los Angeles Dodgers,Atlanta Braves,23-11,3.0,15-18,4.0,0,2,0,0,0,2,1,0,0,0,1,0,1,0,0,0,0,0,1.0
2025-05-04,Kansas City Royals,Baltimore Orioles,19-16,11.0,13-20,6.0,0,0,1,1,0,1,2,1,1,2,1,0,2,0,2,1,2,0,0.0
2025-05-04,Minnesota Twins,Boston Red Sox,15-20,5.0,18-18,4.0,1,0,0,2,0,1,0,0,0,0,0,0,2,0,2,1,0,0,1.0
2025-05-04,Houston Astros,Chicago White Sox,17-16,4.0,10-24,5.0,0,0,2,0,0,0,0,0,2,3,0,2,0,0,0,0,0,0,0.0
2025-05-04,Washington Nationals,Cincinnati Reds,16-19,4.0,18-17,1.0,0,0,1,1,0,0,0,0,0,0,0,0,3,0,0,0,0,0,0.0
2025-05-04,Detroit Tigers,Los Angeles Angels,22-13,13.0,13-20,1.0,0,0,3,0,2,0,0,0,0,0,3,0,3,1,0,0,2,0,0.0
2025-05-04,Athletics,Miami Marlins,19-16,3.0,13-20,2.0,0,0,2,0,0,0,0,2,0,0,0,0,0,0,0,0,1,0,0.0
2025-05-04,Chicago Cubs,Milwaukee Brewers,21-14,0.0,17-18,4.0,0,0,0,0,0,0,0,0,0,0,0,4,0,0,0,0,0,0,0.0
2025-05-04,Tampa Bay Rays,New York Yankees,16-18,7.0,19-15,5.0,0,0,1,0,1,0,3,0,0,0,0,2,2,0,0,3,0,0,0.0
2025-05-04,Arizona Diamondbacks,Philadelphia Phillies,18-16,11.0,19-15,9.0,0,1,0,0,3,0,4,1,0,0,0,3,0,1,0,0,1,2,1.0
2025-05-04,San Diego Padres,Pittsburgh Pirates,22-11,4.0,12-23,0.0,1,0,3,0,0,0,0,0,0,0,0,0,0,0,0,0,0,0,1.0
2025-05-04,Colorado Rockies,San Francisco Giants,6-28,3.0,22-13,9.0,0,1,0,0,0,1,0,0,1,3,0,0,0,4,2,0,0,0,1.0
2025-05-04,New York Mets,St. Louis Cardinals,22-12,5.0,15-19,6.0,1,0,0,1,1,1,0,4,0,0,1,0,0,0,2,0,0,0,1.0
2025-05-04,New York Mets,St. Louis Cardinals,22-13,4.0,16-19,5.0,0,0,0,2,4,2,0,0,0,0,0,1,0,0,0,0,0,0,0.0
2025-05-04,Seattle Mariners,Texas Rangers,20-13,1.0,17-18,8.0,0,0,0,0,1,6,0,0,0,0,0,0,0,0,0,2,0,0,0.0
2025-05-04,Cleveland Guardians,Toronto Blue Jays,20-14,5.0,16-18,4.0,0,0,0,0,1,0,3,3,0,0,0,0,0,0,0,0,1,1,0.0
2025-05-05,New York Mets,Arizona Diamondbacks,23-13,5.0,18-17,4.0,0,1,0,0,0,0,2,0,0,0,0,0,3,0,0,3,0,0,1.0
2025-05-05,Seattle Mariners,Athletics,20-14,6.0,20-16,7.0,0,1,0,1,4,0,0,2,0,0,0,0,0,1,1,0,0,0,1.0
2025-05-05,Cincinnati Reds,Atlanta Braves,18-18,0.0,16-18,4.0,0,0,0,0,0,4,0,0,0,0,0,0,0,0,0,0,0,0,0.0
2025-05-05,San Francisco Giants,Chicago Cubs,22-14,2.0,22-14,9.0,0,0,0,0,0,2,2,2,0,0,0,5,0,0,0,0,0,0,0.0
2025-05-05,Chicago White Sox,Kansas City Royals,10-25,0.0,20-16,3.0,0,0,0,0,0,0,0,1,0,1,0,0,0,0,0,1,0,0,0.0
2025-05-05,Los Angeles Dodgers,Miami Marlins,24-11,7.0,13-21,4.0,1,0,0,0,2,0,0,0,2,0,1,1,1,0,0,3,0,0,1.0
2025-05-05,Houston Astros,Milwaukee Brewers,17-17,1.0,18-18,5.0,0,0,0,0,0,3,0,0,0,0,1,0,0,0,0,2,0,0,0.0
2025-05-05,San Diego Padres,New York Yankees,23-11,4.0,19-16,3.0,0,0,0,0,0,2,0,0,0,0,0,1,0,0,4,0,0,0,0.0
2025-05-05,Pittsburgh Pirates,St. Louis Cardinals,12-24,3.0,17-19,6.0,2,0,0,0,0,2,1,0,0,0,0,4,0,0,0,0,0,0,1.0
2025-05-05,Cleveland Guardians,Washington Nationals,20-14,,16-19,,,,,,,,,,,,,,,,,,,,
2025-05-06,New York Mets,Arizona Diamondbacks,23-14,1.0,19-17,5.0,0,0,0,0,1,0,0,2,0,0,0,2,0,1,0,0,0,0,0.0
2025-05-06,Seattle Mariners,Athletics,21-14,5.0,20-17,3.0,1,1,1,0,0,1,0,0,0,0,0,0,0,0,0,1,3,0,1.0
2025-05-06,Cincinnati Reds,Atlanta Braves,18-19,1.0,17-18,2.0,0,0,0,0,0,0,0,0,0,0,0,0,0,0,1,0,0,1,0.0
2025-05-06,Texas Rangers,Boston Red Sox,18-18,6.0,18-19,1.0,1,0,0,0,0,0,5,0,0,0,0,1,0,0,0,0,0,0,1.0
2025-05-06,San Francisco Giants,Chicago Cubs,23-14,14.0,22-15,5.0,0,0,2,0,2,2,1,0,0,1,0,0,0,0,0,0,0,2,0.0
2025-05-06,Detroit Tigers,Colorado Rockies,22-13,,6-28,,,,,,,,,,,,,,,,,,,,
2025-05-06,Chicago White Sox,Kansas City Royals,10-26,3.0,21-16,4.0,0,0,0,0,0,0,1,0,0,0,1,1,0,0,1,1,0,2,0.0
2025-05-06,Toronto Blue Jays,Los Angeles Angels,16-19,3.0,14-20,8.0,2,2,0,0,0,0,0,0,0,0,0,0,0,0,1,6,0,0,1.0
2025-05-06,Los Angeles Dodgers,Miami Marlins,24-12,4.0,14-21,5.0,1,0,0,0,0,0,0,0,0,2,2,2,1,0,0,0,0,0,1.0
2025-05-06,Houston Astros,Milwaukee Brewers,17-18,3.0,19-18,4.0,0,4,0,0,0,0,0,0,0,0,0,0,3,0,0,0,0,0,1.0
2025-05-06,Baltimore Orioles,Minnesota Twins,13-21,1.0,16-20,9.0,0,0,0,0,0,5,1,0,0,0,0,0,0,4,0,0,0,0,0.0
2025-05-06,San Diego Padres,New York Yankees,23-12,3.0,20-16,12.0,0,0,0,0,0,0,2,2,0,0,0,0,1,10,0,0,0,0,0.0
2025-05-06,Pittsburgh Pirates,St. Louis Cardinals,12-25,1.0,18-19,2.0,0,0,0,0,0,0,0,0,0,0,1,2,0,0,0,0,0,0,0.0
2025-05-06,Philadelphia Phillies,Tampa Bay Rays,20-15,8.0,16-19,4.0,0,0,3,0,0,0,0,2,0,0,0,0,0,0,4,1,1,1,0.0
2025-05-06,Cleveland Guardians,Washington Nationals,20-15,9.0,17-19,10.0,1,1,1,0,0,2,0,0,0,1,0,2,6,4,0,0,1,0,1.0
2025-05-06,Cleveland Guardians,Washington Nationals,21-15,9.0,17-20,1.0,0,0,0,0,0,0,0,0,0,0,3,1,3,0,2,0,1,0,0.0
2025-05-07,New York Mets,Arizona Diamondbacks,24-14,7.0,19-18,1.0,0,0,0,0,0,0,0,0,0,0,1,0,2,0,1,1,3,0,0.0
2025-05-07,Seattle Mariners,Athletics,22-14,6.0,20-18,5.0,0,3,0,0,0,0,0,2,1,0,3,0,0,0,2,0,0,0,1.0
2025-05-07,Cincinnati Reds,Atlanta Braves,19-19,4.0,17-19,3.0,2,0,0,0,1,0,1,0,0,1,0,2,0,0,0,0,0,0,1.0
2025-05-07,Texas Rangers,Boston Red Sox,18-19,4.0,19-19,6.0,0,0,0,0,1,0,1,2,1,0,0,1,0,2,0,1,1,0,0.0
2025-05-07,San Francisco Giants,Chicago Cubs,24-14,3.0,22-16,1.0,1,0,0,0,0,0,2,1,0,0,0,0,0,0,0,0,0,0,1.0
2025-05-07,Detroit Tigers,Colorado Rockies,23-13,8.0,6-29,6.0,0,2,0,1,3,2,3,1,0,0,0,0,0,0,0,0,0,0,1.0
2025-05-07,Chicago White Sox,Kansas City Royals,10-27,1.0,22-16,2.0,0,0,0,0,0,0,0,0,0,2,0,0,0,0,0,0,1,0,0.0
2025-05-07,Toronto Blue Jays,Los Angeles Angels,16-20,4.0,15-20,5.0,0,0,0,0,0,0,0,0,0,0,1,1,3,1,0,0,0,3,0.0
2025-05-07,Los Angeles Dodgers,Miami Marlins,25-12,10.0,14-22,1.0,0,0,0,0,0,0,0,0,0,0,1,0,6,0,0,0,3,1,0.0
2025-05-07,Houston Astros,Milwaukee Brewers,18-18,9.0,19-19,1.0,0,0,1,0,0,0,0,0,2,1,3,0,0,0,0,0,3,0,0.0
2025-05-07,Baltimore Orioles,Minnesota Twins,13-22,2.0,17-20,5.0,0,0,0,0,1,3,0,0,1,0,0,0,0,2,0,0,0,0,0.0
2025-05-07,San Diego Padres,New York Yankees,23-13,3.0,21-16,4.0,0,0,0,0,0,0,1,0,0,0,0,0,0,1,2,2,0,0,0.0
2025-05-07,Pittsburgh Pirates,St. Louis Cardinals,12-26,0.0,19-19,5.0,0,0,0,0,0,2,0,0,0,1,0,0,0,0,0,2,0,0,0.0
2025-05-07,Philadelphia Phillies,Tampa Bay Rays,21-15,7.0,16-20,0.0,0,0,0,0,1,0,5,0,0,0,1,0,0,0,0,0,0,0,0.0
2025-05-07,Cleveland Guardians,Washington Nationals,22-15,8.0,17-21,6.0,0,0,0,1,0,2,0,0,0,0,8,0,0,3,0,0,0,0,0.0
2025-05-08,Los Angeles Dodgers,Arizona Diamondbacks,25-13,3.0,20-18,5.0,0,0,0,0,0,0,0,4,0,1,0,0,0,0,2,0,1,0,0.0
2025-05-08,Cincinnati Reds,Atlanta Braves,19-20,4.0,18-19,5.0,0,1,0,0,0,0,0,0,1,1,0,0,1,0,0,0,2,2,1.0
2025-05-08,Texas Rangers,Boston Red Sox,18-20,0.0,20-19,5.0,0,0,0,2,0,0,0,0,0,1,0,1,0,1,0,0,0,0,0.0
2025-05-08,Detroit Tigers,Colorado Rockies,24-13,10.0,6-30,2.0,2,0,5,0,2,0,0,0,0,1,0,0,1,0,0,0,0,1,1.0
2025-05-08,Detroit Tigers,Colorado Rockies,25-13,11.0,6-31,1.0,0,0,0,1,6,0,0,0,0,0,0,0,2,0,3,0,0,0,0.0
2025-05-08,Chicago White Sox,Kansas City Royals,10-28,0.0,23-16,10.0,0,1,0,0,0,1,0,0,0,2,0,2,0,0,0,4,0,0,1.0
2025-05-08,Toronto Blue Jays,Los Angeles Angels,17-20,8.0,15-21,5.0,0,2,0,2,2,0,0,0,1,0,4,0,0,1,1,0,0,0,1.0
2025-05-08,Baltimore Orioles,Minnesota Twins,13-23,2.0,18-20,5.0,0,1,1,0,1,0,0,0,0,0,0,1,0,0,0,3,0,0,1.0
2025-05-08,Philadelphia Phillies,Tampa Bay Rays,22-15,7.0,16-21,6.0,1,1,0,0,0,1,0,0,0,0,0,0,0,3,3,0,1,0,1.0
2025-05-09,Los Angeles Dodgers,Arizona Diamondbacks,26-13,14.0,20-19,11.0,1,3,2,0,5,0,0,1,0,4,0,1,0,0,0,2,6,0,1.0
2025-05-09,New York Yankees,Athletics,22-16,10.0,20-19,2.0,0,0,0,0,2,0,0,0,1,0,1,0,1,0,5,1,0,1,0.0
2025-05-09,Miami Marlins,Chicago White Sox,14-23,2.0,11-28,6.0,1,0,0,2,0,0,0,0,0,0,0,0,1,3,0,1,0,0,1.0
2025-05-09,Philadelphia Phillies,Cleveland Guardians,22-16,0.0,23-15,6.0,0,0,0,0,0,0,0,1,0,3,0,0,0,2,0,0,0,0,0.0
2025-05-09,San Diego Padres,Colorado Rockies,24-13,13.0,6-32,9.0,1,0,0,0,4,0,0,1,5,0,2,1,0,0,1,5,0,2,1.0
2025-05-09,Texas Rangers,Detroit Tigers,18-21,1.0,26-13,2.0,0,0,0,1,0,0,0,1,0,0,1,0,0,0,0,0,0,0,0.0
2025-05-09,Cincinnati Reds,Houston Astros,19-21,0.0,19-18,3.0,0,0,0,1,0,0,0,0,0,2,0,0,0,0,0,0,0,0,0.0
2025-05-09,Boston Red Sox,Kansas City Royals,20-20,1.0,24-16,2.0,0,0,0,0,0,0,0,0,0,0,0,0,0,0,0,0,0,0,0.0
2025-05-09,Baltimore Orioles,Los Angeles Angels,14-23,4.0,15-22,1.0,1,0,2,0,0,0,0,0,0,0,0,0,0,1,0,0,1,0,1.0
2025-05-09,San Francisco Giants,Minnesota Twins,24-15,1.0,19-20,3.0,0,1,0,0,0,0,0,1,0,1,0,0,1,0,0,0,0,0,1.0
2025-05-09,Chicago Cubs,New York Mets,22-17,2.0,25-14,7.0,0,1,0,2,0,2,1,1,0,0,0,0,0,0,0,1,1,0,1.0
2025-05-09,Atlanta Braves,Pittsburgh Pirates,18-20,2.0,13-26,3.0,0,0,0,0,0,1,0,0,0,0,0,2,0,0,0,0,2,0,0.0
2025-05-09,Toronto Blue Jays,Seattle Mariners,18-20,6.0,22-15,3.0,2,0,0,0,3,1,0,0,0,0,0,2,0,0,0,0,1,0,1.0
2025-05-09,Milwaukee Brewers,Tampa Bay Rays,19-20,3.0,17-21,4.0,1,0,0,0,0,1,1,1,0,0,0,1,0,0,1,1,0,0,1.0
2025-05-09,St. Louis Cardinals,Washington Nationals,20-19,10.0,17-22,0.0,2,0,0,0,1,0,1,0,2,0,0,0,0,0,3,0,1,0,1.0
2025-05-10,Los Angeles Dodgers,Arizona Diamondbacks,26-14,0.0,21-19,3.0,0,0,0,0,0,1,0,0,0,0,0,1,0,0,0,1,0,0,0.0
2025-05-10,New York Yankees,Athletics,22-17,7.0,21-19,11.0,0,0,0,1,0,3,1,0,0,0,5,0,0,3,0,4,1,0,0.0
2025-05-10,Miami Marlins,Chicago White Sox,15-23,3.0,11-29,1.0,0,1,0,0,0,0,0,0,0,0,0,0,1,0,2,0,0,0,1.0
2025-05-10,Philadelphia Phillies,Cleveland Guardians,23-16,7.0,23-16,1.0,0,0,0,0,0,0,1,0,0,0,0,0,0,0,6,0,0,1,0.0
2025-05-10,San Diego Padres,Colorado Rockies,25-13,21.0,6-33,0.0,5,0,1,0,1,0,8,0,4,0,1,0,0,0,1,0,0,0,1.0
2025-05-10,Texas Rangers,Detroit Tigers,19-21,10.0,26-14,3.0,2,1,1,0,2,0,0,1,2,0,0,0,1,0,0,1,2,0,1.0
2025-05-10,Cincinnati Reds,Houston Astros,20-21,13.0,19-19,9.0,10,1,0,0,2,6,0,0,0,1,1,0,0,0,0,0,0,1,1.0
2025-05-10,Boston Red Sox,Kansas City Royals,21-20,10.0,24-17,1.0,0,0,0,0,1,1,0,0,3,0,0,0,3,0,3,0,0,0,0.0
2025-05-10,Baltimore Orioles,Los Angeles Angels,14-24,2.0,16-22,5.0,0,2,0,0,0,0,0,2,0,1,1,0,0,0,0,0,1,0,1.0
2025-05-10,San Francisco Giants,Minnesota Twins,24-16,1.0,20-20,2.0,0,0,1,0,0,2,0,0,0,0,0,0,0,0,0,0,0,0,0.0
2025-05-10,Chicago Cubs,New York Mets,23-17,6.0,25-15,5.0,2,0,0,0,1,0,1,3,0,0,0,0,0,0,2,2,0,0,1.0
2025-05-10,Atlanta Braves,Pittsburgh Pirates,19-20,3.0,13-27,2.0,0,0,1,0,1,1,0,0,0,0,0,0,0,0,0,1,0,0,0.0
2025-05-10,Toronto Blue Jays,Seattle Mariners,19-20,6.0,22-16,3.0,0,0,0,1,0,0,0,2,2,0,1,0,0,0,3,0,0,0,0.0
2025-05-10,Milwaukee Brewers,Tampa Bay Rays,19-21,2.0,18-21,3.0,0,0,0,0,1,0,0,2,1,0,0,0,0,0,0,0,0,1,0.0
2025-05-10,St. Louis Cardinals,Washington Nationals,21-19,4.0,17-23,2.0,0,0,4,0,0,0,0,0,0,0,0,0,0,0,0,2,0,0,0.0
2025-05-11,Los Angeles Dodgers,Arizona Diamondbacks,27-14,8.0,21-20,1.0,1,0,0,0,0,0,0,0,2,0,1,0,1,1,0,0,3,0,1.0
2025-05-11,New York Yankees,Athletics,23-17,12.0,21-20,2.0,0,0,5,0,1,0,0,1,5,1,0,0,1,0,0,0,0,0,0.0
2025-05-11,Miami Marlins,Chicago White Sox,15-24,2.0,12-29,4.0,0,0,0,0,0,1,1,0,0,0,0,3,1,0,0,0,0,0,0.0
2025-05-11,Philadelphia Phillies,Cleveland Guardians,24-16,3.0,23-17,0.0,0,0,1,0,0,0,0,0,0,0,0,0,0,0,2,0,0,0,0.0
2025-05-11,San Diego Padres,Colorado Rockies,25-14,3.0,7-33,9.0,1,3,0,0,0,3,0,0,0,0,0,0,0,2,2,1,0,0,1.0
2025-05-11,Texas Rangers,Detroit Tigers,20-21,6.0,26-15,1.0,0,0,2,0,1,0,0,0,2,0,0,0,0,0,1,0,0,1,0.0
2025-05-11,Cincinnati Reds,Houston Astros,20-22,0.0,20-19,6.0,0,0,0,0,0,3,0,1,0,0,0,2,0,0,0,0,0,0,0.0
2025-05-11,Boston Red Sox,Kansas City Royals,22-20,3.0,24-18,1.0,0,0,0,0,0,1,1,0,0,0,2,0,0,0,0,0,0,0,0.0
2025-05-11,Baltimore Orioles,Los Angeles Angels,15-24,7.0,16-23,3.0,1,2,0,0,0,0,0,0,2,0,4,0,0,0,0,0,0,1,1.0
2025-05-11,San Francisco Giants,Minnesota Twins,24-17,6.0,21-20,7.0,1,0,0,0,0,0,2,2,1,1,0,2,0,0,1,0,0,0,1.0
2025-05-11,Chicago Cubs,New York Mets,23-18,2.0,26-15,6.0,0,0,0,1,0,0,0,0,0,0,1,1,1,0,0,4,0,0,0.0
2025-05-11,Atlanta Braves,Pittsburgh Pirates,19-21,3.0,14-27,4.0,0,0,0,0,0,0,0,0,0,3,0,0,0,0,3,0,0,1,0.0
2025-05-11,Toronto Blue Jays,Seattle Mariners,20-20,9.0,22-17,1.0,0,0,1,0,0,1,1,0,3,0,2,0,2,0,0,0,0,0,0.0
2025-05-11,Milwaukee Brewers,Tampa Bay Rays,20-21,4.0,18-22,2.0,0,1,0,0,0,0,2,1,1,0,0,0,0,0,1,0,0,0,1.0
2025-05-11,St. Louis Cardinals,Washington Nationals,22-19,6.0,17-24,1.0,1,0,1,0,0,0,0,1,0,0,0,0,2,0,2,0,0,0,1.0
2025-05-12,Washington Nationals,Atlanta Braves,17-25,3.0,20-21,4.0,0,0,0,0,0,2,1,0,0,1,0,0,0,0,0,0,2,1,0.0
2025-05-12,Miami Marlins,Chicago Cubs,15-25,2.0,24-18,5.0,0,0,0,0,0,0,0,0,0,5,0,0,2,0,0,0,0,0,0.0
2025-05-12,Milwaukee Brewers,Cleveland Guardians,20-22,0.0,24-17,5.0,0,0,0,0,0,0,0,3,0,0,0,1,0,1,0,0,0,0,0.0
2025-05-12,Boston Red Sox,Detroit Tigers,22-21,2.0,27-15,14.0,0,2,0,0,0,9,0,1,0,0,1,1,0,1,0,0,1,0,1.0
2025-05-12,Kansas City Royals,Houston Astros,25-18,7.0,20-20,5.0,0,0,4,0,3,0,0,0,0,0,0,0,0,2,0,3,0,0,0.0
2025-05-12,Pittsburgh Pirates,New York Mets,14-28,3.0,27-15,4.0,0,0,1,0,0,0,0,1,0,0,0,0,1,2,0,0,1,1,0.0
2025-05-12,St. Louis Cardinals,Philadelphia Phillies,23-19,3.0,24-17,2.0,0,0,0,0,0,0,1,1,0,0,1,1,1,0,0,0,0,0,0.0
2025-05-12,Los Angeles Angels,San Diego Padres,17-23,9.0,25-15,5.0,0,0,0,0,2,3,0,0,0,1,1,0,0,0,0,1,6,0,0.0
2025-05-12,Arizona Diamondbacks,San Francisco Giants,22-20,2.0,24-18,1.0,0,0,0,0,1,0,0,0,1,1,0,0,0,0,0,0,0,0,0.0
2025-05-12,New York Yankees,Seattle Mariners,24-17,11.0,22-18,5.0,0,1,0,0,1,1,0,0,6,0,0,0,1,1,0,2,3,0,1.0
2025-05-12,Colorado Rockies,Texas Rangers,7-34,1.0,21-21,2.0,0,0,1,0,0,0,0,0,0,0,0,2,0,0,0,0,0,0,0.0
2025-05-13,Washington Nationals,Atlanta Braves,17-26,2.0,21-21,5.0,1,0,0,0,0,0,1,2,0,1,0,1,0,0,0,1,0,0,1.0
2025-05-13,Minnesota Twins,Baltimore Orioles,21-20,,15-24,,,,,,,,,,,,,,,,,,,,
2025-05-13,Miami Marlins,Chicago Cubs,15-26,4.0,25-18,5.0,0,0,1,0,0,1,0,0,1,1,0,0,2,0,0,0,0,3,0.0
2025-05-13,Chicago White Sox,Cincinnati Reds,13-29,5.0,20-23,1.0,0,0,0,0,0,0,1,0,0,0,0,0,0,0,0,0,0,1,0.0
2025-05-13,Milwaukee Brewers,Cleveland Guardians,20-23,0.0,25-17,2.0,0,1,0,0,0,0,0,0,0,0,0,0,0,0,0,1,0,0,1.0
2025-05-13,Boston Red Sox,Detroit Tigers,22-22,9.0,28-15,10.0,0,1,1,0,0,1,1,1,2,0,0,3,0,0,2,0,0,0,1.0
2025-05-13,Kansas City Royals,Houston Astros,25-19,1.0,21-20,2.0,0,0,0,0,0,0,0,0,1,0,0,1,0,0,0,0,0,1,0.0
2025-05-13,Athletics,Los Angeles Dodgers,22-20,11.0,27-15,1.0,0,0,0,0,2,1,0,0,4,0,0,0,2,0,1,0,2,0,0.0
2025-05-13,Pittsburgh Pirates,New York Mets,14-29,1.0,28-15,2.0,0,1,0,0,0,0,0,0,0,0,1,0,0,1,0,0,0,0,1.0
2025-05-13,St. Louis Cardinals,Philadelphia Phillies,23-19,,24-17,,,,,,,,,,,,,,,,,,,,
2025-05-13,Los Angeles Angels,San Diego Padres,17-24,4.0,26-15,6.0,1,0,0,0,0,0,0,0,0,2,0,0,3,0,0,2,0,2,1.0
2025-05-13,Arizona Diamondbacks,San Francisco Giants,22-21,6.0,25-18,10.0,3,0,0,4,0,0,0,0,0,3,0,0,1,0,0,3,2,0,1.0
2025-05-13,New York Yankees,Seattle Mariners,24-18,1.0,23-18,2.0,0,0,0,0,0,0,0,1,0,0,0,0,0,0,0,0,1,0,0.0
2025-05-13,Colorado Rockies,Texas Rangers,7-35,1.0,22-21,4.0,1,3,0,0,0,0,0,0,0,0,0,0,0,0,0,1,0,0,1.0
2025-05-13,Tampa Bay Rays,Toronto Blue Jays,19-22,11.0,20-21,9.0,0,0,0,0,4,2,0,1,0,0,1,0,1,1,0,3,5,2,0.0
2025-05-14,Washington Nationals,Atlanta Braves,18-26,5.0,21-22,4.0,1,0,0,0,0,2,0,0,0,2,0,0,2,0,2,0,0,0,1.0
2025-05-14,Minnesota Twins,Baltimore Orioles,22-20,6.0,15-25,3.0,0,0,0,0,0,3,4,0,0,0,0,0,0,0,0,0,2,0,0.0
2025-05-14,Minnesota Twins,Baltimore Orioles,23-20,8.0,15-26,6.0,1,0,2,0,1,6,0,0,1,0,0,0,0,0,3,0,0,0,1.0
2025-05-14,Miami Marlins,Chicago Cubs,16-26,3.0,25-19,1.0,0,0,1,0,0,0,2,1,0,0,0,0,0,0,0,0,0,0,0.0
2025-05-14,Chicago White Sox,Cincinnati Reds,14-29,4.0,20-24,2.0,0,0,1,0,0,0,0,0,1,0,1,0,1,1,0,1,0,0,0.0
2025-05-14,Milwaukee Brewers,Cleveland Guardians,21-23,9.0,25-18,5.0,0,0,1,1,0,0,0,1,1,0,3,0,2,0,0,3,2,0,0.0
2025-05-14,Boston Red Sox,Detroit Tigers,22-23,5.0,29-15,6.0,1,0,0,1,0,0,1,1,0,0,0,3,3,0,0,0,0,1,1.0
2025-05-14,Kansas City Royals,Houston Astros,25-20,3.0,22-20,4.0,0,0,2,0,0,0,0,1,1,0,0,1,0,0,0,2,0,0,0.0
2025-05-14,Athletics,Los Angeles Dodgers,22-21,3.0,28-15,9.0,0,1,0,1,2,0,1,0,0,1,0,1,0,0,0,5,0,0,1.0
2025-05-14,Pittsburgh Pirates,New York Mets,15-29,4.0,28-16,0.0,0,0,2,0,0,0,0,0,2,0,0,0,0,0,0,0,0,0,0.0
2025-05-14,St. Louis Cardinals,Philadelphia Phillies,23-20,1.0,25-17,2.0,0,0,0,0,0,0,0,0,0,0,0,0,1,2,0,0,0,0,0.0
2025-05-14,St. Louis Cardinals,Philadelphia Phillies,24-20,14.0,25-18,7.0,1,5,0,0,5,1,3,1,0,0,0,0,0,0,3,0,2,0,1.0
2025-05-14,Los Angeles Angels,San Diego Padres,17-25,1.0,27-15,5.0,0,3,1,0,0,0,0,0,0,0,0,0,0,0,0,2,0,0,1.0
2025-05-14,Arizona Diamondbacks,San Francisco Giants,23-21,8.0,25-19,7.0,1,0,2,2,3,0,2,2,0,0,0,0,0,2,0,0,0,1,1.0
2025-05-14,New York Yankees,Seattle Mariners,25-18,3.0,23-19,2.0,0,0,0,0,0,2,0,0,0,0,1,0,1,0,1,0,0,0,0.0
2025-05-14,Colorado Rockies,Texas Rangers,7-36,3.0,23-21,8.0,0,4,1,0,0,0,0,0,0,2,2,2,0,0,0,0,0,0,1.0
2025-05-14,Tampa Bay Rays,Toronto Blue Jays,19-23,1.0,21-21,3.0,0,0,0,0,0,0,1,0,0,0,0,3,0,0,0,0,0,0,0.0
2025-05-15,Washington Nationals,Atlanta Braves,18-27,2.0,22-22,5.0,0,0,0,0,0,1,0,0,0,3,1,0,0,0,1,1,0,0,0.0
2025-05-15,Minnesota Twins,Baltimore Orioles,24-20,4.0,15-27,0.0,0,0,0,0,3,0,0,0,0,0,0,0,1,0,0,0,0,0,0.0
2025-05-15,Chicago White Sox,Cincinnati Reds,14-30,1.0,21-24,7.0,0,3,0,0,0,1,0,1,0,1,0,1,0,0,1,0,0,0,1.0
2025-05-15,Athletics,Los Angeles Dodgers,22-22,2.0,29-15,19.0,1,3,1,3,0,7,0,2,0,0,0,1,0,0,0,3,0,0,1.0
2025-05-15,Houston Astros,Texas Rangers,22-21,0.0,24-21,1.0,0,0,0,0,0,0,0,0,0,0,0,1,0,0,0,0,0,0,0.0
2025-05-15,Tampa Bay Rays,Toronto Blue Jays,20-23,8.0,21-22,3.0,2,0,1,1,0,1,1,0,1,0,1,0,0,0,0,1,2,0,1.0
2025-05-16,Colorado Rockies,Arizona Diamondbacks,7-37,0.0,24-21,8.0,0,0,0,2,0,1,0,2,0,0,0,0,0,2,0,1,0,0,0.0
2025-05-16,Washington Nationals,Baltimore Orioles,19-27,4.0,15-28,3.0,0,0,1,0,0,2,0,0,0,0,1,1,0,0,1,0,1,0,0.0
2025-05-16,Atlanta Braves,Boston Red Sox,23-22,4.0,22-24,2.0,0,0,2,0,0,0,0,0,0,0,0,0,0,1,0,0,2,1,0.0
2025-05-16,Chicago White Sox,Chicago Cubs,14-31,3.0,26-19,13.0,2,0,0,6,1,0,0,0,0,0,0,2,0,2,0,3,0,0,1.0
2025-05-16,Cleveland Guardians,Cincinnati Reds,25-19,4.0,22-24,5.0,0,0,0,4,0,1,2,0,1,0,0,0,0,0,1,0,0,0,0.0
2025-05-16,St. Louis Cardinals,Kansas City Royals,25-20,10.0,25-21,3.0,0,0,1,0,0,0,2,1,0,1,4,0,0,0,1,1,2,0,0.0
2025-05-16,Los Angeles Angels,Los Angeles Dodgers,18-25,6.0,29-16,2.0,2,0,0,0,0,0,2,1,0,0,0,0,0,0,0,1,2,0,1.0
2025-05-16,Tampa Bay Rays,Miami Marlins,20-24,4.0,17-26,9.0,0,1,0,0,1,0,0,4,3,0,0,4,0,0,0,0,0,0,1.0
2025-05-16,Minnesota Twins,Milwaukee Brewers,25-20,3.0,21-24,0.0,2,0,1,0,0,0,0,0,0,0,0,0,0,0,0,0,0,0,1.0
2025-05-16,New York Mets,New York Yankees,28-17,2.0,26-18,6.0,0,0,0,0,0,4,1,2,0,0,0,0,0,0,0,0,1,0,0.0
2025-05-16,Pittsburgh Pirates,Philadelphia Phillies,15-30,4.0,26-18,8.0,0,0,0,0,0,0,0,0,0,1,3,0,0,4,0,3,1,0,0.0
2025-05-16,Seattle Mariners,San Diego Padres,24-19,5.0,27-16,1.0,1,0,0,0,0,0,2,0,0,0,2,0,0,0,0,0,0,1,1.0
2025-05-16,Athletics,San Francisco Giants,22-23,1.0,26-19,9.0,0,0,0,0,0,4,0,0,0,0,0,3,0,0,1,2,0,0,0.0
2025-05-16,Houston Astros,Texas Rangers,23-21,6.0,24-22,3.0,0,0,0,2,0,0,0,0,0,0,0,0,6,0,0,0,0,1,0.0
2025-05-16,Detroit Tigers,Toronto Blue Jays,30-15,5.0,21-23,4.0,0,0,1,0,0,0,1,0,2,0,0,2,0,1,1,1,0,0,0.0
2025-05-17,Colorado Rockies,Arizona Diamondbacks,8-37,14.0,24-22,12.0,3,3,0,3,3,1,0,3,0,1,4,0,3,0,0,1,1,0,1.0
2025-05-17,Washington Nationals,Baltimore Orioles,20-27,10.0,15-29,6.0,6,0,1,0,0,0,0,0,0,0,0,0,0,2,0,0,3,4,1.0
2025-05-17,Atlanta Braves,Boston Red Sox,23-23,6.0,23-24,7.0,3,0,0,0,2,2,1,0,0,0,0,0,0,2,0,2,0,1,1.0
2025-05-17,Chicago White Sox,Chicago Cubs,14-32,3.0,27-19,7.0,1,0,0,4,1,0,0,0,1,2,0,0,0,0,0,1,0,0,1.0
2025-05-17,Cleveland Guardians,Cincinnati Reds,25-20,1.0,23-24,4.0,0,0,0,0,0,0,0,0,1,1,0,2,0,1,0,0,0,0,0.0
2025-05-17,St. Louis Cardinals,Kansas City Royals,26-20,1.0,25-22,0.0,0,0,0,0,0,0,0,0,0,0,1,0,0,0,0,0,0,0,0.0
2025-05-17,Los Angeles Angels,Los Angeles Dodgers,19-25,11.0,29-17,9.0,3,3,0,0,1,0,1,1,0,0,0,3,5,1,0,1,1,0,1.0
2025-05-17,Tampa Bay Rays,Miami Marlins,21-24,4.0,17-27,0.0,0,0,0,0,0,0,0,0,4,0,0,0,0,0,0,0,0,0,0.0
2025-05-17,Minnesota Twins,Milwaukee Brewers,26-20,7.0,21-25,0.0,1,0,1,0,1,0,1,0,1,0,1,0,0,0,0,0,1,0,1.0
2025-05-17,New York Mets,New York Yankees,29-17,3.0,26-19,2.0,0,0,0,0,0,1,2,0,0,0,0,1,0,0,0,0,1,0,0.0
2025-05-17,Pittsburgh Pirates,Philadelphia Phillies,15-31,2.0,27-18,5.0,0,1,0,0,0,1,0,3,0,0,0,0,0,0,0,0,2,0,1.0
2025-05-17,Seattle Mariners,San Diego Padres,25-19,4.0,27-17,1.0,0,0,0,0,0,0,0,1,1,0,0,0,1,0,0,0,2,0,0.0
2025-05-17,Athletics,San Francisco Giants,22-24,0.0,27-19,1.0,0,0,0,0,0,0,0,0,0,0,0,0,0,0,0,0,0,0,0.0
2025-05-17,Houston Astros,Texas Rangers,23-22,1.0,25-22,5.0,1,0,0,0,0,1,0,0,0,0,0,2,0,2,0,0,0,0,1.0
2025-05-17,Detroit Tigers,Toronto Blue Jays,30-16,1.0,22-23,2.0,0,0,1,0,0,0,0,0,0,0,0,0,0,0,0,1,0,1,0.0
2025-05-18,Colorado Rockies,Arizona Diamondbacks,8-38,0.0,25-22,1.0,0,1,0,0,0,0,0,0,0,0,0,0,0,0,0,0,0,0,1.0
2025-05-18,Washington Nationals,Baltimore Orioles,21-27,10.0,15-30,4.0,1,0,6,0,0,0,1,0,0,1,0,2,0,1,1,0,1,0,1.0
2025-05-18,Atlanta Braves,Boston Red Sox,24-23,10.0,23-25,4.0,2,0,0,0,1,4,1,0,3,0,0,0,0,0,3,0,0,0,1.0
2025-05-18,Chicago White Sox,Chicago Cubs,14-33,2.0,28-19,6.0,0,1,0,0,0,0,1,0,0,0,0,3,0,1,0,1,1,0,1.0
2025-05-18,Cleveland Guardians,Cincinnati Reds,25-21,1.0,24-24,3.0,0,0,0,0,0,0,0,2,0,0,0,1,1,0,0,0,0,0,0.0
2025-05-18,St. Louis Cardinals,Kansas City Royals,26-21,1.0,26-22,2.0,0,0,0,0,0,0,1,1,0,0,0,0,0,1,0,0,0,0,0.0
2025-05-18,Los Angeles Angels,Los Angeles Dodgers,20-25,6.0,29-18,4.0,3,0,0,0,1,0,0,0,0,1,0,0,0,3,1,0,1,0,1.0
2025-05-18,Tampa Bay Rays,Miami Marlins,21-25,1.0,18-27,5.0,0,0,0,0,1,0,0,3,0,0,0,2,0,0,0,0,0,0,0.0
2025-05-18,Minnesota Twins,Milwaukee Brewers,26-21,2.0,22-25,5.0,0,0,0,1,0,3,1,0,0,0,0,0,1,0,0,1,0,0,0.0
2025-05-18,New York Mets,New York Yankees,29-18,2.0,27-19,8.0,0,2,1,0,0,0,0,0,1,0,0,0,0,0,0,6,0,0,1.0
2025-05-18,Pittsburgh Pirates,Philadelphia Phillies,15-32,0.0,28-18,1.0,0,0,0,0,0,0,0,0,0,1,0,0,0,0,0,0,0,0,0.0
2025-05-18,Seattle Mariners,San Diego Padres,26-19,6.0,27-18,1.0,0,1,0,0,0,0,3,0,0,0,1,0,0,0,0,0,2,0,1.0
2025-05-18,Athletics,San Francisco Giants,22-25,2.0,28-19,3.0,0,1,0,0,0,0,2,0,0,0,0,0,0,0,0,2,0,0,1.0
2025-05-18,Houston Astros,Texas Rangers,24-22,4.0,25-23,3.0,0,0,0,0,0,0,0,3,0,0,0,0,1,0,3,0,0,0,0.0
2025-05-18,Detroit Tigers,Toronto Blue Jays,31-16,3.0,22-24,2.0,2,0,0,0,0,0,0,2,0,0,0,0,1,0,0,0,0,0,1.0
2025-05-19,Los Angeles Angels,Athletics,21-25,4.0,22-26,3.0,1,2,0,0,3,0,0,0,0,1,0,0,0,0,0,0,0,0,1.0
2025-05-19,New York Mets,Boston Red Sox,29-19,1.0,24-25,3.0,0,2,0,1,1,0,0,0,0,0,0,0,0,0,0,0,0,0,1.0
2025-05-19,Seattle Mariners,Chicago White Sox,27-19,5.0,14-34,1.0,0,0,0,0,1,0,0,0,0,0,0,0,0,0,4,0,0,1,0.0
2025-05-19,Philadelphia Phillies,Colorado Rockies,29-18,9.0,8-39,3.0,0,1,0,0,0,1,0,0,1,0,0,1,1,0,4,0,3,0,1.0
2025-05-19,Arizona Diamondbacks,Los Angeles Dodgers,26-22,9.0,29-19,5.0,2,0,1,0,4,0,0,1,0,0,0,2,0,0,2,0,0,2,1.0
2025-05-19,Chicago Cubs,Miami Marlins,28-20,7.0,19-27,8.0,0,2,0,0,0,0,3,0,0,4,4,0,0,0,0,0,0,2,1.0
2025-05-19,Baltimore Orioles,Milwaukee Brewers,15-31,4.0,23-25,5.0,0,0,1,3,0,0,0,0,0,1,0,0,3,0,0,1,0,0,0.0
2025-05-19,Cleveland Guardians,Minnesota Twins,25-21,1.0,26-21,2.0,1,1,0,1,0,0,0,0,0,0,0,0,0,0,0,0,0,0,1.0
2025-05-19,Cincinnati Reds,Pittsburgh Pirates,25-24,7.0,15-33,1.0,1,1,0,0,0,0,0,0,0,0,1,0,0,0,2,0,3,0,1.0
2025-05-19,Kansas City Royals,San Francisco Giants,27-22,3.0,28-20,1.0,0,0,0,0,0,0,0,0,0,0,0,0,0,0,2,1,1,0,0.0
2025-05-19,Detroit Tigers,St. Louis Cardinals,31-17,4.0,27-21,11.0,0,1,0,0,0,0,0,1,0,3,0,0,0,6,1,0,3,0,1.0
2025-05-19,Houston Astros,Tampa Bay Rays,25-22,4.0,21-26,3.0,0,0,3,0,0,0,0,0,0,2,0,1,1,0,0,0,0,0,0.0
2025-05-20,Los Angeles Angels,Athletics,22-25,7.0,22-27,5.0,0,0,0,1,0,0,1,3,4,0,0,0,0,0,0,0,2,1,0.0
2025-05-20,New York Mets,Boston Red Sox,29-20,0.0,25-25,2.0,0,0,0,0,0,0,0,0,0,2,0,0,0,0,0,0,0,0,0.0
2025-05-20,Seattle Mariners,Chicago White Sox,27-20,0.0,15-34,1.0,0,0,0,0,0,1,0,0,0,0,0,0,0,0,0,0,0,0,0.0
2025-05-20,Philadelphia Phillies,Colorado Rockies,30-18,7.0,8-40,4.0,3,0,0,0,0,0,0,1,1,0,0,0,3,1,0,0,0,2,1.0
2025-05-20,Arizona Diamondbacks,Los Angeles Dodgers,26-23,3.0,30-19,4.0,0,0,0,0,0,0,0,1,0,0,0,0,0,0,0,0,1,0,0.0
2025-05-20,Chicago Cubs,Miami Marlins,29-20,14.0,19-28,1.0,1,0,0,0,0,1,0,0,0,0,8,0,0,0,0,0,5,0,1.0
2025-05-20,Baltimore Orioles,Milwaukee Brewers,15-32,2.0,24-25,5.0,0,0,0,0,0,1,0,2,0,0,0,0,2,0,0,2,0,0,0.0
2025-05-20,Cleveland Guardians,Minnesota Twins,25-21,,26-21,,,,,,,,,,,,,,,,,,,,
2025-05-20,Texas Rangers,New York Yankees,25-24,2.0,28-19,5.0,0,0,0,1,0,0,0,1,0,0,0,1,0,0,0,2,2,0,0.0
2025-05-20,Cincinnati Reds,Pittsburgh Pirates,25-25,0.0,16-33,1.0,0,0,0,0,0,0,0,0,0,0,0,1,0,0,0,0,0,0,0.0
2025-05-20,Kansas City Royals,San Francisco Giants,27-23,2.0,29-20,3.0,0,0,0,0,1,0,0,2,0,1,0,0,0,0,1,0,0,0,0.0
2025-05-20,Detroit Tigers,St. Louis Cardinals,32-17,5.0,27-22,4.0,2,0,0,0,2,0,0,0,0,2,0,1,0,1,0,0,1,0,1.0
2025-05-20,Houston Astros,Tampa Bay Rays,25-23,2.0,22-26,3.0,0,0,1,0,1,0,0,0,0,0,0,0,0,0,0,2,0,1,0.0
2025-05-20,San Diego Padres,Toronto Blue Jays,27-19,0.0,23-24,3.0,0,1,0,0,0,0,0,0,0,2,0,0,0,0,0,0,0,0,1.0
2025-05-20,Atlanta Braves,Washington Nationals,24-24,3.0,22-27,5.0,0,3,3,1,0,0,0,0,0,0,0,0,0,1,0,0,0,0,1.0
2025-05-21,Los Angeles Angels,Athletics,23-25,10.0,22-28,5.0,0,0,2,3,2,0,2,0,0,1,0,0,0,1,2,0,2,0,0.0
2025-05-21,New York Mets,Boston Red Sox,30-20,5.0,25-26,1.0,0,0,1,0,0,0,0,0,0,1,0,0,3,0,0,0,1,0,0.0
2025-05-21,Seattle Mariners,Chicago White Sox,28-20,6.0,15-35,5.0,3,0,0,0,0,1,0,3,0,0,1,0,0,1,2,0,0,0,1.0
2025-05-21,Philadelphia Phillies,Colorado Rockies,31-18,9.0,8-41,5.0,2,1,0,1,4,0,0,1,1,0,2,0,0,0,0,0,0,2,1.0
2025-05-21,Arizona Diamondbacks,Los Angeles Dodgers,26-24,1.0,31-19,3.0,0,0,0,0,0,0,1,0,0,0,0,3,0,0,0,0,0,0,0.0
2025-05-21,Chicago Cubs,Miami Marlins,30-20,2.0,19-29,1.0,1,1,0,0,0,0,0,0,0,0,0,0,0,0,1,0,0,0,1.0
2025-05-21,Baltimore Orioles,Milwaukee Brewers,16-32,8.0,24-26,4.0,0,0,0,0,0,0,1,0,0,1,0,1,0,0,2,0,0,1,0.0
2025-05-21,Cleveland Guardians,Minnesota Twins,25-22,5.0,27-21,6.0,1,1,0,1,0,0,1,2,0,0,0,0,0,0,0,1,3,1,1.0
2025-05-21,Cleveland Guardians,Minnesota Twins,26-22,5.0,27-22,1.0,0,0,0,0,0,1,0,0,0,0,2,0,0,0,1,0,2,0,0.0
2025-05-21,Texas Rangers,New York Yankees,25-25,3.0,29-19,4.0,0,0,0,1,0,0,0,0,1,0,0,0,2,1,0,1,0,1,0.0
2025-05-21,Cincinnati Reds,Pittsburgh Pirates,25-26,1.0,17-33,3.0,0,1,0,0,1,0,0,1,0,0,0,0,0,0,0,1,0,0,1.0
2025-05-21,Kansas City Royals,San Francisco Giants,28-23,8.0,29-21,4.0,1,0,2,0,0,1,3,1,2,0,0,0,0,0,0,0,0,2,1.0
2025-05-21,Detroit Tigers,St. Louis Cardinals,33-17,5.0,27-23,1.0,0,0,1,0,0,0,1,0,0,0,1,1,0,0,2,0,0,0,0.0
2025-05-21,Houston Astros,Tampa Bay Rays,25-24,4.0,23-26,8.0,2,2,0,0,0,0,0,1,0,2,0,0,0,0,2,3,0,0,1.0
2025-05-21,San Diego Padres,Toronto Blue Jays,27-20,0.0,24-24,14.0,0,0,0,0,0,0,0,0,0,2,0,0,0,5,0,7,0,0,0.0
2025-05-21,Atlanta Braves,Washington Nationals,24-24,,22-27,,,,,,,,,,,,,,,,,,,,
2025-05-22,Los Angeles Angels,Athletics,24-25,10.0,22-29,5.0,0,2,0,0,0,1,1,0,1,2,0,0,5,0,0,0,3,0,1.0
2025-05-22,Baltimore Orioles,Boston Red Sox,16-32,,25-26,,,,,,,,,,,,,,,,,,,,
2025-05-22,Philadelphia Phillies,Colorado Rockies,32-18,2.0,8-42,0.0,0,0,0,0,0,0,1,0,0,0,0,0,1,0,0,0,0,0,0.0
2025-05-22,Cleveland Guardians,Detroit Tigers,27-22,7.0,33-18,0.0,0,0,0,0,0,0,2,0,1,0,0,0,0,0,0,0,4,0,0.0
2025-05-22,Seattle Mariners,Houston Astros,28-21,2.0,26-24,9.0,1,0,1,0,0,2,0,3,0,1,0,3,0,0,0,0,0,0,1.0
2025-05-22,Texas Rangers,New York Yankees,25-26,0.0,30-19,1.0,0,0,0,0,0,0,0,0,0,1,0,0,0,0,0,0,0,0,0.0
2025-05-22,Milwaukee Brewers,Pittsburgh Pirates,25-26,8.0,17-34,5.0,3,1,1,0,0,0,0,1,0,0,1,1,0,0,3,0,0,2,1.0
2025-05-22,San Diego Padres,Toronto Blue Jays,27-21,6.0,25-24,7.0,0,0,2,0,0,2,0,2,0,0,0,0,0,0,0,0,2,0,0.0
2025-05-22,Atlanta Braves,Washington Nationals,24-25,7.0,23-27,8.0,2,1,0,4,0,0,3,2,0,0,0,0,1,0,0,0,1,0,1.0
2025-05-23,Philadelphia Phillies,Athletics,33-18,4.0,22-30,3.0,1,0,0,0,0,0,0,0,0,0,0,0,0,0,0,0,3,3,1.0
2025-05-23,San Diego Padres,Atlanta Braves,28-21,2.0,24-26,1.0,0,1,1,0,0,0,0,0,0,0,0,0,0,0,0,0,1,0,1.0
2025-05-23,Baltimore Orioles,Boston Red Sox,16-33,5.0,26-26,19.0,0,0,0,0,2,0,0,1,0,0,0,5,0,0,1,13,2,0,0.0
2025-05-23,Baltimore Orioles,Boston Red Sox,16-33,,26-26,,,,,,,,,,,,,,,,,,,,
2025-05-23,Texas Rangers,Chicago White Sox,25-27,1.0,16-35,4.0,0,0,0,0,0,3,0,0,0,0,1,1,0,0,0,0,0,0,0.0
2025-05-23,Chicago Cubs,Cincinnati Reds,31-20,13.0,25-27,6.0,0,3,0,0,0,1,2,0,0,2,0,0,6,0,3,0,2,0,1.0
2025-05-23,New York Yankees,Colorado Rockies,30-20,2.0,9-42,3.0,1,0,0,0,0,0,0,1,1,2,0,0,0,0,0,0,0,0,1.0
2025-05-23,Cleveland Guardians,Detroit Tigers,28-22,3.0,33-19,1.0,2,0,0,0,0,0,0,0,0,0,0,1,0,0,0,0,1,0,1.0
2025-05-23,Seattle Mariners,Houston Astros,29-21,5.0,26-25,3.0,0,0,0,0,1,2,0,0,1,1,0,0,3,0,0,0,0,0,0.0
2025-05-23,Miami Marlins,Los Angeles Angels,19-30,4.0,25-25,7.0,0,0,0,1,0,0,0,2,0,0,0,3,2,0,2,1,0,0,0.0
2025-05-23,Kansas City Royals,Minnesota Twins,28-24,1.0,28-22,3.0,1,0,0,1,0,0,0,0,0,0,0,0,0,0,0,0,0,2,1.0
2025-05-23,Los Angeles Dodgers,New York Mets,32-19,7.0,30-21,5.0,0,0,0,0,3,1,0,1,2,0,0,0,0,0,0,0,0,3,0.0
2025-05-23,Milwaukee Brewers,Pittsburgh Pirates,25-27,5.0,18-34,6.0,0,0,0,0,0,1,0,0,0,1,1,0,2,1,0,0,1,1,0.0
2025-05-23,Arizona Diamondbacks,St. Louis Cardinals,26-25,3.0,28-23,4.0,0,0,0,0,0,0,1,0,0,0,0,4,0,0,0,0,2,0,0.0
2025-05-23,Toronto Blue Jays,Tampa Bay Rays,25-25,1.0,24-26,3.0,0,0,0,0,0,2,0,1,0,0,0,0,1,0,0,0,0,0,0.0
2025-05-23,San Francisco Giants,Washington Nationals,30-21,4.0,23-28,0.0,0,0,0,0,0,0,0,0,0,0,0,0,2,0,2,0,0,0,0.0
2025-05-24,Philadelphia Phillies,Athletics,34-18,9.0,22-31,6.0,2,0,0,2,0,0,1,0,0,1,1,2,1,0,0,1,1,0,1.0
2025-05-24,San Diego Padres,Atlanta Braves,28-22,1.0,25-26,7.0,0,0,0,1,1,2,0,0,0,0,0,2,0,2,0,0,0,0,0.0
2025-05-24,Baltimore Orioles,Boston Red Sox,16-34,5.0,27-26,6.0,2,2,0,0,0,0,0,0,3,1,0,2,0,0,0,0,0,0,1.0
2025-05-24,Baltimore Orioles,Boston Red Sox,17-34,2.0,27-27,1.0,0,0,0,0,0,0,0,0,0,0,0,0,0,0,1,0,1,1,0.0
2025-05-24,Texas Rangers,Chicago White Sox,25-28,5.0,17-35,10.0,1,0,0,0,0,0,2,2,1,0,0,6,0,1,1,1,0,0,1.0
2025-05-24,Chicago Cubs,Cincinnati Reds,31-21,4.0,26-27,6.0,0,2,0,0,1,0,0,1,0,3,0,0,1,0,1,0,1,0,1.0
2025-05-24,New York Yankees,Colorado Rockies,31-20,13.0,9-43,1.0,1,0,0,0,0,0,0,1,10,0,0,0,0,0,2,0,0,0,1.0
2025-05-24,Cleveland Guardians,Detroit Tigers,29-22,7.0,33-20,5.0,0,3,0,0,2,0,0,0,0,0,0,0,0,0,1,0,0,0,1.0
2025-05-24,Seattle Mariners,Houston Astros,29-22,1.0,27-25,2.0,0,2,1,0,0,0,0,0,0,0,0,0,0,0,0,0,0,0,1.0
2025-05-24,Miami Marlins,Los Angeles Angels,20-30,6.0,25-26,2.0,0,0,1,0,0,0,0,1,2,0,0,0,3,0,0,0,0,1,0.0
2025-05-24,Kansas City Royals,Minnesota Twins,28-25,4.0,29-22,5.0,0,0,0,0,2,0,0,0,2,3,0,1,0,0,0,0,0,1,0.0
2025-05-24,Los Angeles Dodgers,New York Mets,32-20,2.0,31-21,5.0,0,0,2,1,0,0,0,3,0,0,0,0,0,0,0,1,0,0,0.0
2025-05-24,Milwaukee Brewers,Pittsburgh Pirates,25-28,1.0,19-34,2.0,0,1,1,0,0,0,0,0,0,0,0,0,0,1,0,0,0,0,1.0
2025-05-24,Arizona Diamondbacks,St. Louis Cardinals,26-26,5.0,29-23,6.0,0,1,0,0,0,0,0,0,1,0,0,0,0,3,4,2,0,0,1.0
2025-05-24,Toronto Blue Jays,Tampa Bay Rays,25-26,1.0,25-26,3.0,0,3,0,0,0,0,0,0,0,0,1,0,0,0,0,0,0,0,1.0
2025-05-24,San Francisco Giants,Washington Nationals,30-22,0.0,24-28,3.0,0,2,0,0,0,0,0,0,0,0,0,0,0,1,0,0,0,0,1.0
2025-05-25,Philadelphia Phillies,Athletics,34-19,4.0,23-31,5.0,0,3,1,0,1,0,0,0,1,0,0,0,0,0,1,2,0,0,1.0
2025-05-25,San Diego Padres,Atlanta Braves,29-22,5.0,25-27,3.0,1,0,0,1,0,0,0,0,0,2,2,0,1,0,1,0,0,0,1.0
2025-05-25,Baltimore Orioles,Boston Red Sox,18-34,5.0,27-28,1.0,0,0,0,0,0,0,1,0,1,0,1,0,0,0,2,0,0,1,0.0
2025-05-25,Texas Rangers,Chicago White Sox,26-28,5.0,17-36,4.0,0,0,2,0,0,0,0,1,0,0,0,2,0,0,0,0,3,1,0.0
2025-05-25,Chicago Cubs,Cincinnati Reds,32-21,11.0,26-28,8.0,2,4,1,0,0,0,0,0,0,4,1,0,3,0,4,0,0,0,1.0
2025-05-25,New York Yankees,Colorado Rockies,31-20,5.0,9-43,3.0,1,2,1,0,0,0,0,0,2,0,0,1,0,0,1,0,0,0,1.0
2025-05-25,Cleveland Guardians,Detroit Tigers,29-23,0.0,34-20,5.0,0,0,0,0,0,0,0,5,0,0,0,0,0,0,0,0,0,0,0.0
2025-05-25,Seattle Mariners,Houston Astros,29-23,3.0,28-25,5.0,2,0,0,0,1,2,0,0,0,0,0,1,0,0,0,0,0,2,1.0
2025-05-25,Miami Marlins,Los Angeles Angels,21-30,3.0,25-27,0.0,0,0,0,0,1,0,1,0,1,0,0,0,0,0,0,0,0,0,0.0
2025-05-25,Kansas City Royals,Minnesota Twins,29-25,2.0,29-23,1.0,0,1,0,0,0,0,0,0,0,0,0,0,1,0,0,0,0,0,1.0
2025-05-25,Los Angeles Dodgers,New York Mets,32-20,1.0,31-21,0.0,1,0,0,0,0,0,0,0,0,0,0,0,0,0,0,0,0,0,1.0
2025-05-25,Milwaukee Brewers,Pittsburgh Pirates,26-28,6.0,19-35,5.0,3,0,0,0,0,1,0,0,0,0,0,2,0,2,3,0,0,0,1.0
2025-05-25,Arizona Diamondbacks,St. Louis Cardinals,26-27,3.0,30-23,4.0,2,1,0,0,0,1,0,0,0,0,1,1,0,1,0,0,0,0,1.0
2025-05-25,Toronto Blue Jays,Tampa Bay Rays,25-27,0.0,26-26,13.0,0,2,0,0,0,0,0,0,0,7,0,0,0,4,0,0,0,0,1.0
2025-05-25,San Francisco Giants,Washington Nationals,31-22,3.0,24-29,2.0,0,0,1,0,2,1,0,0,0,0,0,0,0,0,0,0,0,1,0.0
2025-05-26,Pittsburgh Pirates,Arizona Diamondbacks,19-36,0.0,27-27,5.0,0,0,0,2,0,1,0,0,0,2,0,0,0,0,0,0,0,0,0.0
2025-05-26,St. Louis Cardinals,Baltimore Orioles,30-24,2.0,19-34,5.0,0,1,0,0,0,1,0,3,2,0,0,0,0,0,0,0,0,0,1.0
2025-05-26,Colorado Rockies,Chicago Cubs,9-45,1.0,33-21,3.0,0,1,0,0,0,0,0,0,1,1,0,0,0,1,0,0,0,0,1.0
2025-05-26,Los Angeles Dodgers,Cleveland Guardians,33-21,7.0,29-24,2.0,1,0,1,0,0,1,0,0,2,0,2,1,0,0,0,0,1,0,1.0
2025-05-26,San Francisco Giants,Detroit Tigers,31-23,1.0,35-20,3.0,0,0,0,0,0,0,0,1,0,2,1,0,0,0,0,0,0,0,0.0
2025-05-26,Cincinnati Reds,Kansas City Royals,27-28,7.0,29-26,4.0,1,0,0,0,3,0,0,0,2,0,0,0,0,3,1,0,0,1,1.0
2025-05-26,New York Yankees,Los Angeles Angels,33-20,5.0,25-28,1.0,0,1,0,0,0,0,4,0,0,0,0,0,0,0,1,0,0,0,1.0
2025-05-26,Boston Red Sox,Milwaukee Brewers,27-29,2.0,27-28,3.0,0,1,0,0,0,0,0,0,0,1,0,0,0,0,1,1,1,0,1.0
2025-05-26,Chicago White Sox,New York Mets,17-37,1.0,33-21,2.0,0,0,0,0,0,0,1,0,0,0,0,0,0,0,0,1,0,1,0.0
2025-05-26,Miami Marlins,San Diego Padres,21-31,3.0,30-22,4.0,2,0,1,0,0,0,0,2,0,0,0,0,0,0,0,1,0,0,1.0
2025-05-26,Minnesota Twins,Tampa Bay Rays,29-24,2.0,27-26,7.0,0,0,0,0,0,0,0,0,0,0,0,3,2,0,0,4,0,0,0.0
2025-05-26,Toronto Blue Jays,Texas Rangers,26-27,2.0,26-29,1.0,1,0,0,0,0,0,1,1,0,0,0,0,0,0,0,0,0,0,1.0
2025-05-27,Pittsburgh Pirates,Arizona Diamondbacks,20-36,9.0,27-28,6.0,0,1,0,0,0,0,0,5,0,0,2,0,0,0,7,0,0,0,1.0
2025-05-27,St. Louis Cardinals,Baltimore Orioles,31-24,7.0,19-35,4.0,1,0,2,0,0,0,0,1,0,3,0,0,1,0,3,0,0,0,1.0
2025-05-27,Colorado Rockies,Chicago Cubs,9-46,3.0,34-21,4.0,0,0,0,0,0,2,1,0,0,0,0,0,1,0,0,0,0,0,0.0
2025-05-27,Los Angeles Dodgers,Cleveland Guardians,34-21,9.0,29-25,5.0,0,0,2,0,0,0,2,3,0,0,1,0,0,0,1,0,3,2,0.0
2025-05-27,San Francisco Giants,Detroit Tigers,31-24,1.0,36-20,3.0,0,1,0,1,0,1,0,0,0,0,0,0,0,0,0,0,1,0,1.0
2025-05-27,Athletics,Houston Astros,23-32,1.0,29-25,11.0,0,0,0,4,0,3,1,2,0,0,0,2,0,0,0,0,0,0,0.0
2025-05-27,Cincinnati Reds,Kansas City Royals,28-28,7.0,29-27,2.0,0,0,1,2,0,0,1,0,0,0,1,0,0,0,3,0,1,0,0.0
2025-05-27,New York Yankees,Los Angeles Angels,34-20,3.0,25-29,2.0,0,0,0,0,0,0,1,0,0,0,1,0,1,0,0,0,0,2,0.0
2025-05-27,Boston Red Sox,Milwaukee Brewers,27-30,1.0,28-28,5.0,0,0,0,0,0,0,0,0,0,0,1,0,0,0,0,0,0,1,0.0
2025-05-27,Chicago White Sox,New York Mets,17-38,4.0,34-21,6.0,2,4,0,0,0,1,0,0,0,0,0,0,2,0,0,1,0,0,1.0
2025-05-27,Atlanta Braves,Philadelphia Phillies,25-28,0.0,35-19,2.0,0,0,0,1,0,0,0,0,0,0,0,0,0,0,0,1,0,0,0.0
2025-05-27,Miami Marlins,San Diego Padres,21-32,6.0,31-22,8.0,6,1,0,2,0,2,0,1,0,1,0,0,0,0,0,1,0,0,1.0
2025-05-27,Washington Nationals,Seattle Mariners,24-30,1.0,30-23,9.0,0,3,0,0,0,0,1,0,0,1,0,3,0,0,0,2,0,0,1.0
2025-05-27,Minnesota Twins,Tampa Bay Rays,30-24,4.0,27-27,2.0,1,0,1,0,0,0,0,1,0,0,1,0,0,1,1,0,0,0,1.0
2025-05-27,Toronto Blue Jays,Texas Rangers,26-28,0.0,27-29,2.0,0,0,0,0,0,0,0,0,0,0,0,0,0,0,0,2,0,0,0.0
2025-05-28,Pittsburgh Pirates,Arizona Diamondbacks,21-36,10.0,27-29,1.0,0,0,1,0,0,0,0,0,2,0,5,0,0,0,2,0,0,1,0.0
2025-05-28,St. Louis Cardinals,Baltimore Orioles,32-24,6.0,19-36,4.0,0,0,0,3,0,0,2,1,3,0,0,0,1,0,0,0,0,0,0.0
2025-05-28,Colorado Rockies,Chicago Cubs,9-47,1.0,35-21,2.0,0,1,0,0,0,0,0,1,0,0,1,0,0,0,0,0,0,0,1.0
2025-05-28,Los Angeles Dodgers,Cleveland Guardians,34-22,4.0,30-25,7.0,0,1,0,0,0,0,2,0,0,0,1,0,1,1,0,5,0,0,1.0
2025-05-28,San Francisco Giants,Detroit Tigers,31-25,3.0,37-20,4.0,0,0,1,0,0,0,0,0,2,4,0,0,0,0,0,0,0,0,0.0
2025-05-28,Athletics,Houston Astros,23-33,3.0,30-25,5.0,0,0,0,0,2,1,0,1,1,0,0,0,0,3,0,0,0,0,0.0
2025-05-28,Cincinnati Reds,Kansas City Royals,28-29,2.0,30-27,3.0,0,0,0,0,0,0,0,1,0,1,1,0,0,1,1,0,0,0,0.0
2025-05-28,New York Yankees,Los Angeles Angels,35-20,1.0,25-30,0.0,1,0,0,0,0,0,0,0,0,0,0,0,0,0,0,0,0,0,1.0
2025-05-28,Boston Red Sox,Milwaukee Brewers,27-31,5.0,29-28,6.0,0,0,1,0,0,1,2,0,0,1,0,2,1,0,0,0,0,0,0.0
2025-05-28,Chicago White Sox,New York Mets,18-38,9.0,34-22,4.0,2,0,2,0,1,3,0,0,0,0,2,0,1,0,1,0,0,1,1.0
2025-05-28,Atlanta Braves,Philadelphia Phillies,25-28,,35-19,,,,,,,,,,,,,,,,,,,,
2025-05-28,Miami Marlins,San Diego Padres,22-32,10.0,31-23,8.0,0,0,0,1,1,0,0,5,5,0,0,0,1,2,3,0,0,0,0.0
2025-05-28,Washington Nationals,Seattle Mariners,25-30,9.0,30-24,0.0,0,0,2,0,0,0,3,0,1,0,0,0,0,0,3,0,0,0,0.0
2025-05-28,Minnesota Twins,Tampa Bay Rays,30-25,0.0,28-27,5.0,0,0,0,0,0,0,0,3,0,1,0,0,0,0,0,1,0,0,0.0
2025-05-28,Toronto Blue Jays,Texas Rangers,27-28,2.0,27-30,0.0,0,0,0,0,0,0,0,0,0,0,0,0,0,0,0,0,2,0,0.0
2025-05-29,Tampa Bay Rays,Houston Astros,29-27,13.0,30-26,3.0,1,0,0,0,0,0,1,0,1,2,0,1,5,0,5,0,0,0,1.0
2025-05-29,Atlanta Braves,Philadelphia Phillies,25-29,4.0,36-19,5.0,0,0,0,0,0,2,0,0,0,1,2,0,0,1,2,1,0,0,0.0
2025-05-29,Atlanta Braves,Philadelphia Phillies,26-29,9.0,36-20,3.0,0,0,0,0,0,0,4,0,0,0,2,0,2,0,0,2,1,1,0.0
2025-05-29,Washington Nationals,Seattle Mariners,26-30,9.0,30-25,3.0,0,0,0,0,0,0,0,0,0,0,2,0,0,2,0,0,0,0,0.0
2025-05-29,Athletics,Toronto Blue Jays,23-34,0.0,28-28,12.0,0,0,0,8,0,3,0,0,0,0,0,0,0,1,0,0,0,0,0.0
2025-05-30,Washington Nationals,Arizona Diamondbacks,27-30,9.0,27-30,7.0,2,4,0,0,4,2,0,0,0,0,2,0,1,0,0,0,0,1,1.0
2025-05-30,Boston Red Sox,Atlanta Braves,28-31,5.0,26-30,1.0,0,1,0,0,0,0,2,0,0,0,1,0,0,0,0,0,2,0,1.0
2025-05-30,Chicago White Sox,Baltimore Orioles,18-39,1.0,20-36,2.0,0,0,0,0,0,0,0,0,0,0,0,2,0,0,0,0,1,0,0.0
2025-05-30,Cincinnati Reds,Chicago Cubs,29-29,6.0,35-22,2.0,2,0,0,0,0,0,2,0,0,0,2,0,0,0,0,2,0,0,1.0
2025-05-30,Los Angeles Angels,Cleveland Guardians,26-30,4.0,30-26,1.0,0,0,1,0,0,0,0,0,0,0,0,0,2,0,0,0,1,1,0.0
2025-05-30,Tampa Bay Rays,Houston Astros,29-28,1.0,31-26,2.0,1,0,0,0,0,0,0,0,0,0,0,0,0,0,0,1,0,1,1.0
2025-05-30,Detroit Tigers,Kansas City Royals,38-20,7.0,30-28,5.0,2,1,2,0,0,2,0,0,1,0,0,0,0,1,2,0,0,1,1.0
2025-05-30,New York Yankees,Los Angeles Dodgers,35-21,5.0,35-22,8.0,1,1,3,1,1,0,0,0,0,0,0,4,0,2,0,0,0,0,1.0
2025-05-30,San Francisco Giants,Miami Marlins,32-25,2.0,22-33,0.0,1,0,0,0,0,0,1,0,0,0,0,0,0,0,0,0,0,0,1.0
2025-05-30,Colorado Rockies,New York Mets,9-48,2.0,35-22,4.0,0,1,0,0,0,1,0,1,0,0,1,0,1,0,0,1,0,0,1.0
2025-05-30,Milwaukee Brewers,Philadelphia Phillies,30-28,6.0,36-21,2.0,2,0,0,0,0,0,0,1,3,0,0,0,0,1,0,0,1,0,1.0
2025-05-30,Pittsburgh Pirates,San Diego Padres,21-37,2.0,32-23,3.0,0,0,0,0,0,0,0,1,0,0,2,2,0,0,0,0,0,0,0.0
2025-05-30,Minnesota Twins,Seattle Mariners,31-25,12.0,30-26,6.0,0,4,0,0,0,0,2,0,0,0,0,0,1,0,0,2,3,0,1.0
2025-05-30,St. Louis Cardinals,Texas Rangers,32-25,1.0,28-30,11.0,0,1,0,4,0,0,0,0,0,0,0,4,0,2,1,0,0,0,1.0
2025-05-30,Athletics,Toronto Blue Jays,23-35,7.0,29-28,11.0,0,0,1,3,1,3,1,0,2,3,0,2,0,0,0,0,2,0,0.0
2025-05-31,Washington Nationals,Arizona Diamondbacks,28-30,11,27-31,7,10,0,1,0,0,0,0,2,0,0,0,5,0,0,0,0,0,0,1.0
2025-05-31,Boston Red Sox,Atlanta Braves,28-32,0,27-30,5,0,1,0,0,0,0,0,4,0,0,0,0,0,0,0,0,0,0,1.0
2025-05-31,Chicago White Sox,Baltimore Orioles,18-40,2,21-36,4,0,1,0,0,0,0,0,1,1,2,0,0,1,0,0,0,0,0,1.0
2025-05-31,Cincinnati Reds,Chicago Cubs,29-30,0,36-22,2,0,0,0,0,0,0,0,0,0,0,0,0,0,0,0,2,0,0,0.0
2025-05-31,Los Angeles Angels,Cleveland Guardians,26-31,5,31-26,7,0,0,0,0,2,0,2,2,1,1,0,1,0,3,0,0,0,0,0.0
2025-05-31,Tampa Bay Rays,Houston Astros,30-28,16,31-27,3,0,1,0,0,3,2,1,0,0,0,1,0,6,0,3,0,2,0,1.0
2025-05-31,Detroit Tigers,Kansas City Royals,38-21,0,31-28,1,0,0,0,0,0,0,0,0,0,0,0,0,0,0,0,1,0,0,0.0
2025-05-31,New York Yankees,Los Angeles Dodgers,35-22,2,36-22,18,0,4,0,6,0,0,1,0,0,4,0,0,0,1,1,3,0,0,1.0
2025-05-31,San Francisco Giants,Miami Marlins,32-26,0,23-33,1,0,0,0,1,0,0,0,0,0,0,0,0,0,0,0,0,0,0,0.0
2025-05-31,Colorado Rockies,New York Mets,9-49,2,36-22,8,1,4,0,0,0,0,0,3,0,0,0,0,1,0,0,1,0,0,1.0
2025-05-31,Milwaukee Brewers,Philadelphia Phillies,31-28,17,36-22,7,4,0,0,0,0,0,8,1,0,0,5,1,0,0,0,0,0,5,1.0
2025-05-31,Pittsburgh Pirates,San Diego Padres,22-37,5,32-24,0,1,0,0,0,0,0,1,0,1,0,0,0,2,0,0,0,0,0,1.0
2025-05-31,Minnesota Twins,Seattle Mariners,31-26,4,31-26,5,0,0,3,0,0,2,0,0,0,0,0,0,0,2,0,0,1,0,0.0
2025-05-31,St. Louis Cardinals,Texas Rangers,33-25,2,28-31,0,0,0,1,0,0,0,1,0,0,0,0,0,0,0,0,0,0,0,0.0
2025-05-31,Athletics,Toronto Blue Jays,23-36,7,30-28,8,3,4,2,1,0,1,0,0,0,1,0,1,0,0,0,0,2,0,1.0
2025-06-01,Washington Nationals,Arizona Diamondbacks,28-30,,27-31,,Pending,Pending,Pending,Pending,Pending,Pending,Pending,Pending,Pending,Pending,Pending,Pending,Pending,Pending,Pending,Pending,Pending,Pending,
2025-06-01,Boston Red Sox,Atlanta Braves,28-32,,27-30,,Pending,Pending,Pending,Pending,Pending,Pending,Pending,Pending,Pending,Pending,Pending,Pending,Pending,Pending,Pending,Pending,Pending,Pending,
2025-06-01,Chicago White Sox,Baltimore Orioles,18-40,,21-36,,Pending,Pending,Pending,Pending,Pending,Pending,Pending,Pending,Pending,Pending,Pending,Pending,Pending,Pending,Pending,Pending,Pending,Pending,
2025-06-01,Cincinnati Reds,Chicago Cubs,29-30,,36-22,,Pending,Pending,Pending,Pending,Pending,Pending,Pending,Pending,Pending,Pending,Pending,Pending,Pending,Pending,Pending,Pending,Pending,Pending,
2025-06-01,Los Angeles Angels,Cleveland Guardians,26-31,,31-26,,Pending,Pending,Pending,Pending,Pending,Pending,Pending,Pending,Pending,Pending,Pending,Pending,Pending,Pending,Pending,Pending,Pending,Pending,
2025-06-01,Tampa Bay Rays,Houston Astros,30-28,,31-27,,Pending,Pending,Pending,Pending,Pending,Pending,Pending,Pending,Pending,Pending,Pending,Pending,Pending,Pending,Pending,Pending,Pending,Pending,
2025-06-01,Detroit Tigers,Kansas City Royals,38-21,,31-28,,Pending,Pending,Pending,Pending,Pending,Pending,Pending,Pending,Pending,Pending,Pending,Pending,Pending,Pending,Pending,Pending,Pending,Pending,
2025-06-01,New York Yankees,Los Angeles Dodgers,35-22,,36-22,,Pending,Pending,Pending,Pending,Pending,Pending,Pending,Pending,Pending,Pending,Pending,Pending,Pending,Pending,Pending,Pending,Pending,Pending,
2025-06-01,San Francisco Giants,Miami Marlins,32-26,,23-33,,Pending,Pending,Pending,Pending,Pending,Pending,Pending,Pending,Pending,Pending,Pending,Pending,Pending,Pending,Pending,Pending,Pending,Pending,
2025-06-01,Colorado Rockies,New York Mets,9-49,,36-22,,Pending,Pending,Pending,Pending,Pending,Pending,Pending,Pending,Pending,Pending,Pending,Pending,Pending,Pending,Pending,Pending,Pending,Pending,
2025-06-01,Milwaukee Brewers,Philadelphia Phillies,31-28,,36-22,,Pending,Pending,Pending,Pending,Pending,Pending,Pending,Pending,Pending,Pending,Pending,Pending,Pending,Pending,Pending,Pending,Pending,Pending,
2025-06-01,Pittsburgh Pirates,San Diego Padres,22-37,,32-24,,Pending,Pending,Pending,Pending,Pending,Pending,Pending,Pending,Pending,Pending,Pending,Pending,Pending,Pending,Pending,Pending,Pending,Pending,
2025-06-01,Minnesota Twins,Seattle Mariners,31-26,,31-26,,Pending,Pending,Pending,Pending,Pending,Pending,Pending,Pending,Pending,Pending,Pending,Pending,Pending,Pending,Pending,Pending,Pending,Pending,
2025-06-01,St. Louis Cardinals,Texas Rangers,33-25,,28-31,,Pending,Pending,Pending,Pending,Pending,Pending,Pending,Pending,Pending,Pending,Pending,Pending,Pending,Pending,Pending,Pending,Pending,Pending,
2025-06-01,Athletics,Toronto Blue Jays,23-36,,30-28,,Pending,Pending,Pending,Pending,Pending,Pending,Pending,Pending,Pending,Pending,Pending,Pending,Pending,Pending,Pending,Pending,Pending,Pending,
2025-06-02,Minnesota Twins,Athletics,31-26,,23-36,,Pending,Pending,Pending,Pending,Pending,Pending,Pending,Pending,Pending,Pending,Pending,Pending,Pending,Pending,Pending,Pending,Pending,Pending,
2025-06-02,Los Angeles Angels,Boston Red Sox,26-31,,28-32,,Pending,Pending,Pending,Pending,Pending,Pending,Pending,Pending,Pending,Pending,Pending,Pending,Pending,Pending,Pending,Pending,Pending,Pending,
2025-06-02,Detroit Tigers,Chicago White Sox,38-21,,18-40,,Pending,Pending,Pending,Pending,Pending,Pending,Pending,Pending,Pending,Pending,Pending,Pending,Pending,Pending,Pending,Pending,Pending,Pending,
2025-06-02,Milwaukee Brewers,Cincinnati Reds,31-28,,29-30,,Pending,Pending,Pending,Pending,Pending,Pending,Pending,Pending,Pending,Pending,Pending,Pending,Pending,Pending,Pending,Pending,Pending,Pending,
2025-06-02,New York Mets,Los Angeles Dodgers,36-22,,36-22,,Pending,Pending,Pending,Pending,Pending,Pending,Pending,Pending,Pending,Pending,Pending,Pending,Pending,Pending,Pending,Pending,Pending,Pending,
2025-06-02,Colorado Rockies,Miami Marlins,9-49,,23-33,,Pending,Pending,Pending,Pending,Pending,Pending,Pending,Pending,Pending,Pending,Pending,Pending,Pending,Pending,Pending,Pending,Pending,Pending,
2025-06-02,San Diego Padres,San Francisco Giants,32-24,,32-26,,Pending,Pending,Pending,Pending,Pending,Pending,Pending,Pending,Pending,Pending,Pending,Pending,Pending,Pending,Pending,Pending,Pending,Pending,
